{
  "type": "FeatureCollection",
  "features": [
    {
      "type": "Feature",
      "properties": {
        "id_orig": 2261.0,
        "cod_ant": "10-393",
        "cod_vig": 110393.0,
        "cod_m_ant": null,
        "cod_m_nuev": null,
        "cod_reg": "13",
        "nom_reg": "Metropolitana de Santiago",
        "cod_dep": "10",
        "dependenc": "Servicio de Salud Metropolitano Occidente",
        "pertenenci": "Perteneciente al Sistema Nacional de Servicios de Salud",
        "tipo": "Centro de Salud Familiar (CESFAM)",
        "ambito": "Establecimiento de Salud",
        "nombre": "Centro de Salud Familiar Villa Alhué",
        "certifi": "Centro de Salud Familiar",
        "dep_adm": "Municipal",
        "nivel": "Primer Nivel",
        "cod_com": "13502",
        "nom_com": "Alhué",
        "via": "Calle",
        "numero": "440",
        "direccion": "21 de Mayo",
        "fono": "226125201",
        "f_inicio": null,
        "urgencia": "NO",
        "tipo_urge": "No Aplica",
        "clas_sapu": "No Aplica",
        "latitud": -34.03248,
        "longitud": -71.10008,
        "prestador": "Público",
        "estado": "Vigente en Operación Habitual",
        "complejida": "Baja Complejidad",
        "tipo_aten": "Atención Abierta-Ambulatoria",
        "cut_comuna": "13502",
        "cut_region": "13",
        "cut_provin": "135",
        "nom_region": "Metropolitana de Santiago",
        "nom_provin": "Melipilla",
        "nom_comuna": "Alhué",
        "ir_google": "https://www.google.cl/maps/dir//-34.03248,-71.10008",
        "simbologia": "Atención Primaria de Salud (APS)"
      },
      "geometry": {
        "type": "Point",
        "coordinates": [
          -71.10008,
          -34.03248
        ]
      }
    },
    {
      "type": "Feature",
      "properties": {
        "id_orig": 2282.0,
        "cod_ant": "10-387",
        "cod_vig": 110387.0,
        "cod_m_ant": null,
        "cod_m_nuev": null,
        "cod_reg": "13",
        "nom_reg": "Metropolitana de Santiago",
        "cod_dep": "10",
        "dependenc": "Servicio de Salud Metropolitano Occidente",
        "pertenenci": "Perteneciente al Sistema Nacional de Servicios de Salud",
        "tipo": "Centro de Salud Familiar (CESFAM)",
        "ambito": "Establecimiento de Salud",
        "nombre": "Centro de Salud Familiar San Pedro",
        "certifi": "Centro de Salud Familiar",
        "dep_adm": "Municipal",
        "nivel": "Primer Nivel",
        "cod_com": "13505",
        "nom_com": "San Pedro",
        "via": "Avenida",
        "numero": "11",
        "direccion": "Hermosilla",
        "fono": "228326747",
        "f_inicio": null,
        "urgencia": "NO",
        "tipo_urge": "No Aplica",
        "clas_sapu": "No Aplica",
        "latitud": -33.89474,
        "longitud": -71.45561,
        "prestador": "Público",
        "estado": "Vigente en Operación Habitual",
        "complejida": "Baja Complejidad",
        "tipo_aten": "Atención Abierta-Ambulatoria",
        "cut_comuna": "13505",
        "cut_region": "13",
        "cut_provin": "135",
        "nom_region": "Metropolitana de Santiago",
        "nom_provin": "Melipilla",
        "nom_comuna": "San Pedro",
        "ir_google": "https://www.google.cl/maps/dir//-33.89474,-71.45561",
        "simbologia": "Atención Primaria de Salud (APS)"
      },
      "geometry": {
        "type": "Point",
        "coordinates": [
          -71.45561,
          -33.89474
        ]
      }
    },
    {
      "type": "Feature",
      "properties": {
        "id_orig": 2285.0,
        "cod_ant": "13-319",
        "cod_vig": 113319.0,
        "cod_m_ant": null,
        "cod_m_nuev": null,
        "cod_reg": "13",
        "nom_reg": "Metropolitana de Santiago",
        "cod_dep": "13",
        "dependenc": "Servicio de Salud Metropolitano Sur",
        "pertenenci": "Perteneciente al Sistema Nacional de Servicios de Salud",
        "tipo": "Centro de Salud Familiar (CESFAM)",
        "ambito": "Establecimiento de Salud",
        "nombre": "Centro de Salud Familiar Dr. Raúl Moya",
        "certifi": "Centro de Salud Familiar",
        "dep_adm": "Municipal",
        "nivel": "Primer Nivel",
        "cod_com": "13404",
        "nom_com": "Paine",
        "via": "Calle",
        "numero": null,
        "direccion": "Diego Portales",
        "fono": "29363340",
        "f_inicio": null,
        "urgencia": "NO",
        "tipo_urge": "No Aplica",
        "clas_sapu": "No Aplica",
        "latitud": -33.86854,
        "longitud": -70.748,
        "prestador": "Público",
        "estado": "Vigente en Operación Habitual",
        "complejida": "Baja Complejidad",
        "tipo_aten": "Atención Abierta-Ambulatoria",
        "cut_comuna": "13404",
        "cut_region": "13",
        "cut_provin": "134",
        "nom_region": "Metropolitana de Santiago",
        "nom_provin": "Maipo",
        "nom_comuna": "Paine",
        "ir_google": "https://www.google.cl/maps/dir//-33.86854,-70.748",
        "simbologia": "Atención Primaria de Salud (APS)"
      },
      "geometry": {
        "type": "Point",
        "coordinates": [
          -70.748,
          -33.86854
        ]
      }
    },
    {
      "type": "Feature",
      "properties": {
        "id_orig": 2296.0,
        "cod_ant": "13-318",
        "cod_vig": 113318.0,
        "cod_m_ant": null,
        "cod_m_nuev": null,
        "cod_reg": "13",
        "nom_reg": "Metropolitana de Santiago",
        "cod_dep": "13",
        "dependenc": "Servicio de Salud Metropolitano Sur",
        "pertenenci": "Perteneciente al Sistema Nacional de Servicios de Salud",
        "tipo": "Centro de Salud Familiar (CESFAM)",
        "ambito": "Establecimiento de Salud",
        "nombre": "Centro de Salud Familiar Dr. Miguel Ángel Solar (ex CESFAM Paine)",
        "certifi": "Centro de Salud Familiar",
        "dep_adm": "Municipal",
        "nivel": "Primer Nivel",
        "cod_com": "13404",
        "nom_com": "Paine",
        "via": "Avenida",
        "numero": "214",
        "direccion": "General Baquedano",
        "fono": "29363320",
        "f_inicio": null,
        "urgencia": "NO",
        "tipo_urge": "No Aplica",
        "clas_sapu": "No Aplica",
        "latitud": -33.80483,
        "longitud": -70.74121,
        "prestador": "Público",
        "estado": "Vigente en Operación Habitual",
        "complejida": "Baja Complejidad",
        "tipo_aten": "Atención Abierta-Ambulatoria",
        "cut_comuna": "13404",
        "cut_region": "13",
        "cut_provin": "134",
        "nom_region": "Metropolitana de Santiago",
        "nom_provin": "Maipo",
        "nom_comuna": "Paine",
        "ir_google": "https://www.google.cl/maps/dir//-33.80483,-70.74121",
        "simbologia": "Atención Primaria de Salud (APS)"
      },
      "geometry": {
        "type": "Point",
        "coordinates": [
          -70.74121,
          -33.80483
        ]
      }
    },
    {
      "type": "Feature",
      "properties": {
        "id_orig": 2300.0,
        "cod_ant": "10-380",
        "cod_vig": 110380.0,
        "cod_m_ant": null,
        "cod_m_nuev": null,
        "cod_reg": "13",
        "nom_reg": "Metropolitana de Santiago",
        "cod_dep": "10",
        "dependenc": "Servicio de Salud Metropolitano Occidente",
        "pertenenci": "Perteneciente al Sistema Nacional de Servicios de Salud",
        "tipo": "Centro de Salud Familiar (CESFAM)",
        "ambito": "Establecimiento de Salud",
        "nombre": "Centro de Salud Familiar San Manuel",
        "certifi": "Centro de Salud Familiar",
        "dep_adm": "Municipal",
        "nivel": "Primer Nivel",
        "cod_com": "13501",
        "nom_com": "Melipilla",
        "via": "Calle",
        "numero": null,
        "direccion": "Camino San Manuel S/N Ruta      G-668",
        "fono": "225745500",
        "f_inicio": null,
        "urgencia": "NO",
        "tipo_urge": "No Aplica",
        "clas_sapu": "No Aplica",
        "latitud": -33.7735,
        "longitud": -71.25757,
        "prestador": "Público",
        "estado": "Vigente en Operación Habitual",
        "complejida": "Baja Complejidad",
        "tipo_aten": "Atención Abierta-Ambulatoria",
        "cut_comuna": "13501",
        "cut_region": "13",
        "cut_provin": "135",
        "nom_region": "Metropolitana de Santiago",
        "nom_provin": "Melipilla",
        "nom_comuna": "Melipilla",
        "ir_google": "https://www.google.cl/maps/dir//-33.7735,-71.25757",
        "simbologia": "Atención Primaria de Salud (APS)"
      },
      "geometry": {
        "type": "Point",
        "coordinates": [
          -71.25757,
          -33.7735
        ]
      }
    },
    {
      "type": "Feature",
      "properties": {
        "id_orig": 2306.0,
        "cod_ant": "10-375",
        "cod_vig": 110375.0,
        "cod_m_ant": null,
        "cod_m_nuev": null,
        "cod_reg": "13",
        "nom_reg": "Metropolitana de Santiago",
        "cod_dep": "10",
        "dependenc": "Servicio de Salud Metropolitano Occidente",
        "pertenenci": "Perteneciente al Sistema Nacional de Servicios de Salud",
        "tipo": "Centro de Salud Familiar (CESFAM)",
        "ambito": "Establecimiento de Salud",
        "nombre": "Centro de Salud Familiar Isla de Maipo",
        "certifi": "Centro de Salud Familiar",
        "dep_adm": "Municipal",
        "nivel": "Primer Nivel",
        "cod_com": "13603",
        "nom_com": "Isla de Maipo",
        "via": "Calle",
        "numero": "1001",
        "direccion": "Manuel Rodríguez",
        "fono": "225744350",
        "f_inicio": null,
        "urgencia": "NO",
        "tipo_urge": "No Aplica",
        "clas_sapu": "No Aplica",
        "latitud": -33.74904,
        "longitud": -70.90331,
        "prestador": "Público",
        "estado": "Vigente en Operación Habitual",
        "complejida": "Baja Complejidad",
        "tipo_aten": "Atención Abierta-Ambulatoria",
        "cut_comuna": "13603",
        "cut_region": "13",
        "cut_provin": "136",
        "nom_region": "Metropolitana de Santiago",
        "nom_provin": "Talagante",
        "nom_comuna": "Isla de Maipo",
        "ir_google": "https://www.google.cl/maps/dir//-33.74904,-70.90331",
        "simbologia": "Atención Primaria de Salud (APS)"
      },
      "geometry": {
        "type": "Point",
        "coordinates": [
          -70.90331,
          -33.74904
        ]
      }
    },
    {
      "type": "Feature",
      "properties": {
        "id_orig": 2310.0,
        "cod_ant": "13-390",
        "cod_vig": 113390.0,
        "cod_m_ant": null,
        "cod_m_nuev": null,
        "cod_reg": "13",
        "nom_reg": "Metropolitana de Santiago",
        "cod_dep": "13",
        "dependenc": "Servicio de Salud Metropolitano Sur",
        "pertenenci": "Perteneciente al Sistema Nacional de Servicios de Salud",
        "tipo": "Centro de Salud Familiar (CESFAM)",
        "ambito": "Establecimiento de Salud",
        "nombre": "Centro de Salud Familiar Dr. Héctor García",
        "certifi": "Centro de Salud Familiar",
        "dep_adm": "Municipal",
        "nivel": "Primer Nivel",
        "cod_com": "13402",
        "nom_com": "Buin",
        "via": "Calle",
        "numero": "703",
        "direccion": "Errázuriz",
        "fono": "800500475",
        "f_inicio": null,
        "urgencia": "NO",
        "tipo_urge": "No Aplica",
        "clas_sapu": "No Aplica",
        "latitud": -33.73775,
        "longitud": -70.74133,
        "prestador": "Público",
        "estado": "Vigente en Operación Habitual",
        "complejida": "Baja Complejidad",
        "tipo_aten": "Atención Abierta-Ambulatoria",
        "cut_comuna": "13402",
        "cut_region": "13",
        "cut_provin": "134",
        "nom_region": "Metropolitana de Santiago",
        "nom_provin": "Maipo",
        "nom_comuna": "Buin",
        "ir_google": "https://www.google.cl/maps/dir//-33.73775,-70.74133",
        "simbologia": "Atención Primaria de Salud (APS)"
      },
      "geometry": {
        "type": "Point",
        "coordinates": [
          -70.74133,
          -33.73775
        ]
      }
    },
    {
      "type": "Feature",
      "properties": {
        "id_orig": 2312.0,
        "cod_ant": "13-333",
        "cod_vig": 113333.0,
        "cod_m_ant": null,
        "cod_m_nuev": null,
        "cod_reg": "13",
        "nom_reg": "Metropolitana de Santiago",
        "cod_dep": "13",
        "dependenc": "Servicio de Salud Metropolitano Sur",
        "pertenenci": "Perteneciente al Sistema Nacional de Servicios de Salud",
        "tipo": "Centro de Salud Familiar (CESFAM)",
        "ambito": "Establecimiento de Salud",
        "nombre": "Centro de Salud Familiar Alto Jahuel",
        "certifi": "Centro de Salud Familiar",
        "dep_adm": "Municipal",
        "nivel": "Primer Nivel",
        "cod_com": "13402",
        "nom_com": "Buin",
        "via": "Calle",
        "numero": null,
        "direccion": "Camino Miraflores, Ciudad Alto Jahuel",
        "fono": null,
        "f_inicio": "40909",
        "urgencia": "NO",
        "tipo_urge": "No Aplica",
        "clas_sapu": "No Aplica",
        "latitud": -33.73525,
        "longitud": -70.68416,
        "prestador": "Público",
        "estado": "Vigente en Operación Habitual",
        "complejida": "Baja Complejidad",
        "tipo_aten": "Atención Abierta-Ambulatoria",
        "cut_comuna": "13402",
        "cut_region": "13",
        "cut_provin": "134",
        "nom_region": "Metropolitana de Santiago",
        "nom_provin": "Maipo",
        "nom_comuna": "Buin",
        "ir_google": "https://www.google.cl/maps/dir//-33.73525,-70.68416",
        "simbologia": "Atención Primaria de Salud (APS)"
      },
      "geometry": {
        "type": "Point",
        "coordinates": [
          -70.68416,
          -33.73525
        ]
      }
    },
    {
      "type": "Feature",
      "properties": {
        "id_orig": 2315.0,
        "cod_ant": "13-320",
        "cod_vig": 113320.0,
        "cod_m_ant": null,
        "cod_m_nuev": null,
        "cod_reg": "13",
        "nom_reg": "Metropolitana de Santiago",
        "cod_dep": "13",
        "dependenc": "Servicio de Salud Metropolitano Sur",
        "pertenenci": "Perteneciente al Sistema Nacional de Servicios de Salud",
        "tipo": "Centro de Salud Familiar (CESFAM)",
        "ambito": "Establecimiento de Salud",
        "nombre": "Centro de Salud Familiar Dragica Ciudad Pap",
        "certifi": "Centro de Salud Familiar",
        "dep_adm": "Municipal",
        "nivel": "Primer Nivel",
        "cod_com": "13402",
        "nom_com": "Buin",
        "via": "Calle",
        "numero": null,
        "direccion": "Bellavista",
        "fono": "228221180",
        "f_inicio": null,
        "urgencia": "NO",
        "tipo_urge": "No Aplica",
        "clas_sapu": "No Aplica",
        "latitud": -33.73121192,
        "longitud": -70.77552915,
        "prestador": "Público",
        "estado": "Vigente en Operación Habitual",
        "complejida": "Baja Complejidad",
        "tipo_aten": "Atención Abierta-Ambulatoria",
        "cut_comuna": "13402",
        "cut_region": "13",
        "cut_provin": "134",
        "nom_region": "Metropolitana de Santiago",
        "nom_provin": "Maipo",
        "nom_comuna": "Buin",
        "ir_google": "https://www.google.cl/maps/dir//-33.73121192,-70.77552915",
        "simbologia": "Atención Primaria de Salud (APS)"
      },
      "geometry": {
        "type": "Point",
        "coordinates": [
          -70.77552914999995,
          -33.731211919999964
        ]
      }
    },
    {
      "type": "Feature",
      "properties": {
        "id_orig": 2317.0,
        "cod_ant": "10-425",
        "cod_vig": 110425.0,
        "cod_m_ant": null,
        "cod_m_nuev": null,
        "cod_reg": "13",
        "nom_reg": "Metropolitana de Santiago",
        "cod_dep": "10",
        "dependenc": "Servicio de Salud Metropolitano Occidente",
        "pertenenci": "Perteneciente al Sistema Nacional de Servicios de Salud",
        "tipo": "Centro de Salud Familiar (CESFAM)",
        "ambito": "Establecimiento de Salud",
        "nombre": "Centro de Salud Familiar La Islita",
        "certifi": "Centro de Salud Familiar",
        "dep_adm": "Municipal",
        "nivel": "Primer Nivel",
        "cod_com": "13603",
        "nom_com": "Isla de Maipo",
        "via": "Calle",
        "numero": "4517",
        "direccion": "Río Maipo, Villa El Maitén, La Islita",
        "fono": null,
        "f_inicio": null,
        "urgencia": "NO",
        "tipo_urge": "No Aplica",
        "clas_sapu": "No Aplica",
        "latitud": -33.7348,
        "longitud": -70.8617,
        "prestador": "Público",
        "estado": "Vigente en Operación Habitual",
        "complejida": "Baja Complejidad",
        "tipo_aten": "Atención Abierta-Ambulatoria",
        "cut_comuna": "13603",
        "cut_region": "13",
        "cut_provin": "136",
        "nom_region": "Metropolitana de Santiago",
        "nom_provin": "Talagante",
        "nom_comuna": "Isla de Maipo",
        "ir_google": "https://www.google.cl/maps/dir//-33.7348,-70.8617",
        "simbologia": "Atención Primaria de Salud (APS)"
      },
      "geometry": {
        "type": "Point",
        "coordinates": [
          -70.8617,
          -33.7348
        ]
      }
    },
    {
      "type": "Feature",
      "properties": {
        "id_orig": 2327.0,
        "cod_ant": "10-379",
        "cod_vig": 110379.0,
        "cod_m_ant": null,
        "cod_m_nuev": null,
        "cod_reg": "13",
        "nom_reg": "Metropolitana de Santiago",
        "cod_dep": "10",
        "dependenc": "Servicio de Salud Metropolitano Occidente",
        "pertenenci": "Perteneciente al Sistema Nacional de Servicios de Salud",
        "tipo": "Centro de Salud Familiar (CESFAM)",
        "ambito": "Establecimiento de Salud",
        "nombre": "Centro de Salud Familiar Dr. Francisco Boris Soler",
        "certifi": "Centro de Salud Familiar",
        "dep_adm": "Municipal",
        "nivel": "Primer Nivel",
        "cod_com": "13501",
        "nom_com": "Melipilla",
        "via": "Calle",
        "numero": "1650",
        "direccion": "Silvia Chávez",
        "fono": "225745310",
        "f_inicio": null,
        "urgencia": "NO",
        "tipo_urge": "No Aplica",
        "clas_sapu": "No Aplica",
        "latitud": -33.70024,
        "longitud": -71.21813,
        "prestador": "Público",
        "estado": "Vigente en Operación Habitual",
        "complejida": "Baja Complejidad",
        "tipo_aten": "Atención Abierta-Ambulatoria",
        "cut_comuna": "13501",
        "cut_region": "13",
        "cut_provin": "135",
        "nom_region": "Metropolitana de Santiago",
        "nom_provin": "Melipilla",
        "nom_comuna": "Melipilla",
        "ir_google": "https://www.google.cl/maps/dir//-33.70024,-71.21813",
        "simbologia": "Atención Primaria de Salud (APS)"
      },
      "geometry": {
        "type": "Point",
        "coordinates": [
          -71.21813,
          -33.70024
        ]
      }
    },
    {
      "type": "Feature",
      "properties": {
        "id_orig": 2337.0,
        "cod_ant": "10-938",
        "cod_vig": 200965.0,
        "cod_m_ant": null,
        "cod_m_nuev": null,
        "cod_reg": "13",
        "nom_reg": "Metropolitana de Santiago",
        "cod_dep": "10",
        "dependenc": "Servicio de Salud Metropolitano Occidente",
        "pertenenci": "Perteneciente al Sistema Nacional de Servicios de Salud",
        "tipo": "Centro de Salud Familiar (CESFAM)",
        "ambito": "Establecimiento de Salud",
        "nombre": "Centro de Salud Familiar Florencia",
        "certifi": "Centro de Salud Familiar",
        "dep_adm": "Municipal",
        "nivel": "Primer Nivel",
        "cod_com": "13501",
        "nom_com": "Melipilla",
        "via": "Calle",
        "numero": "1923",
        "direccion": "Libertad",
        "fono": "224897913",
        "f_inicio": "44161",
        "urgencia": "NO",
        "tipo_urge": "No Aplica",
        "clas_sapu": "No Aplica",
        "latitud": -33.682339,
        "longitud": -71.234276,
        "prestador": "Público",
        "estado": "Vigente en Operación Habitual",
        "complejida": "Baja Complejidad",
        "tipo_aten": "Atención Abierta-Ambulatoria",
        "cut_comuna": "13501",
        "cut_region": "13",
        "cut_provin": "135",
        "nom_region": "Metropolitana de Santiago",
        "nom_provin": "Melipilla",
        "nom_comuna": "Melipilla",
        "ir_google": "https://www.google.cl/maps/dir//-33.682339,-71.234276",
        "simbologia": "Atención Primaria de Salud (APS)"
      },
      "geometry": {
        "type": "Point",
        "coordinates": [
          -71.234276,
          -33.682339
        ]
      }
    },
    {
      "type": "Feature",
      "properties": {
        "id_orig": 2339.0,
        "cod_ant": "10-370",
        "cod_vig": 110370.0,
        "cod_m_ant": null,
        "cod_m_nuev": null,
        "cod_reg": "13",
        "nom_reg": "Metropolitana de Santiago",
        "cod_dep": "10",
        "dependenc": "Servicio de Salud Metropolitano Occidente",
        "pertenenci": "Perteneciente al Sistema Nacional de Servicios de Salud",
        "tipo": "Centro de Salud Familiar (CESFAM)",
        "ambito": "Establecimiento de Salud",
        "nombre": "Centro de Salud Familiar El Monte",
        "certifi": "Centro de Salud Familiar",
        "dep_adm": "Municipal",
        "nivel": "Primer Nivel",
        "cod_com": "13602",
        "nom_com": "El Monte",
        "via": "Avenida",
        "numero": "531",
        "direccion": "Avda. Los Libertadores N° 531                                Avda. Los Libertadores N° 1739",
        "fono": "225743103",
        "f_inicio": null,
        "urgencia": "NO",
        "tipo_urge": "No Aplica",
        "clas_sapu": "No Aplica",
        "latitud": -33.68192,
        "longitud": -70.98609,
        "prestador": "Público",
        "estado": "Vigente en Operación Habitual",
        "complejida": "Baja Complejidad",
        "tipo_aten": "Atención Abierta-Ambulatoria",
        "cut_comuna": "13602",
        "cut_region": "13",
        "cut_provin": "136",
        "nom_region": "Metropolitana de Santiago",
        "nom_provin": "Talagante",
        "nom_comuna": "El Monte",
        "ir_google": "https://www.google.cl/maps/dir//-33.68192,-70.98609",
        "simbologia": "Atención Primaria de Salud (APS)"
      },
      "geometry": {
        "type": "Point",
        "coordinates": [
          -70.98609,
          -33.68192
        ]
      }
    },
    {
      "type": "Feature",
      "properties": {
        "id_orig": 2340.0,
        "cod_ant": "10-378",
        "cod_vig": 110378.0,
        "cod_m_ant": null,
        "cod_m_nuev": null,
        "cod_reg": "13",
        "nom_reg": "Metropolitana de Santiago",
        "cod_dep": "10",
        "dependenc": "Servicio de Salud Metropolitano Occidente",
        "pertenenci": "Perteneciente al Sistema Nacional de Servicios de Salud",
        "tipo": "Centro de Salud Familiar (CESFAM)",
        "ambito": "Establecimiento de Salud",
        "nombre": "Centro de Salud Familiar Dr. Edelberto Elgueta",
        "certifi": "Centro de Salud Familiar",
        "dep_adm": "Municipal",
        "nivel": "Primer Nivel",
        "cod_com": "13501",
        "nom_com": "Melipilla",
        "via": "Calle",
        "numero": "1576",
        "direccion": "Arza",
        "fono": "225743550",
        "f_inicio": null,
        "urgencia": "NO",
        "tipo_urge": "No Aplica",
        "clas_sapu": "No Aplica",
        "latitud": -33.6815,
        "longitud": -71.22595,
        "prestador": "Público",
        "estado": "Vigente en Operación Habitual",
        "complejida": "Baja Complejidad",
        "tipo_aten": "Atención Abierta-Ambulatoria",
        "cut_comuna": "13501",
        "cut_region": "13",
        "cut_provin": "135",
        "nom_region": "Metropolitana de Santiago",
        "nom_provin": "Melipilla",
        "nom_comuna": "Melipilla",
        "ir_google": "https://www.google.cl/maps/dir//-33.6815,-71.22595",
        "simbologia": "Atención Primaria de Salud (APS)"
      },
      "geometry": {
        "type": "Point",
        "coordinates": [
          -71.22595,
          -33.6815
        ]
      }
    },
    {
      "type": "Feature",
      "properties": {
        "id_orig": 2351.0,
        "cod_ant": "10-390",
        "cod_vig": 110390.0,
        "cod_m_ant": null,
        "cod_m_nuev": null,
        "cod_reg": "13",
        "nom_reg": "Metropolitana de Santiago",
        "cod_dep": "10",
        "dependenc": "Servicio de Salud Metropolitano Occidente",
        "pertenenci": "Perteneciente al Sistema Nacional de Servicios de Salud",
        "tipo": "Centro de Salud Familiar (CESFAM)",
        "ambito": "Establecimiento de Salud",
        "nombre": "Centro de Salud Familiar Dr. Alberto Allende Jones",
        "certifi": "Centro de Salud Familiar",
        "dep_adm": "Municipal",
        "nivel": "Primer Nivel",
        "cod_com": "13601",
        "nom_com": "Talagante",
        "via": "Calle",
        "numero": "2049",
        "direccion": "Esmeralda",
        "fono": "225919106",
        "f_inicio": null,
        "urgencia": "NO",
        "tipo_urge": "No Aplica",
        "clas_sapu": "No Aplica",
        "latitud": -33.66967,
        "longitud": -70.93761,
        "prestador": "Público",
        "estado": "Vigente en Operación Habitual",
        "complejida": "Baja Complejidad",
        "tipo_aten": "Atención Abierta-Ambulatoria",
        "cut_comuna": "13601",
        "cut_region": "13",
        "cut_provin": "136",
        "nom_region": "Metropolitana de Santiago",
        "nom_provin": "Talagante",
        "nom_comuna": "Talagante",
        "ir_google": "https://www.google.cl/maps/dir//-33.66967,-70.93761",
        "simbologia": "Atención Primaria de Salud (APS)"
      },
      "geometry": {
        "type": "Point",
        "coordinates": [
          -70.93761,
          -33.66967
        ]
      }
    },
    {
      "type": "Feature",
      "properties": {
        "id_orig": 2362.0,
        "cod_ant": "10-381",
        "cod_vig": 110381.0,
        "cod_m_ant": null,
        "cod_m_nuev": null,
        "cod_reg": "13",
        "nom_reg": "Metropolitana de Santiago",
        "cod_dep": "10",
        "dependenc": "Servicio de Salud Metropolitano Occidente",
        "pertenenci": "Perteneciente al Sistema Nacional de Servicios de Salud",
        "tipo": "Centro de Salud Familiar (CESFAM)",
        "ambito": "Establecimiento de Salud",
        "nombre": "Centro de Salud Familiar Alfarera Rosa Reyes Vilches",
        "certifi": "Centro de Salud Familiar",
        "dep_adm": "Municipal",
        "nivel": "Primer Nivel",
        "cod_com": "13501",
        "nom_com": "Melipilla",
        "via": "Calle",
        "numero": "354",
        "direccion": "Artesana Julita Vera",
        "fono": null,
        "f_inicio": null,
        "urgencia": "NO",
        "tipo_urge": "No Aplica",
        "clas_sapu": "No Aplica",
        "latitud": -33.64985,
        "longitud": -71.15045,
        "prestador": "Público",
        "estado": "Vigente en Operación Habitual",
        "complejida": "Baja Complejidad",
        "tipo_aten": "Atención Abierta-Ambulatoria",
        "cut_comuna": "13501",
        "cut_region": "13",
        "cut_provin": "135",
        "nom_region": "Metropolitana de Santiago",
        "nom_provin": "Melipilla",
        "nom_comuna": "Melipilla",
        "ir_google": "https://www.google.cl/maps/dir//-33.64985,-71.15045",
        "simbologia": "Atención Primaria de Salud (APS)"
      },
      "geometry": {
        "type": "Point",
        "coordinates": [
          -71.15045,
          -33.64985
        ]
      }
    },
    {
      "type": "Feature",
      "properties": {
        "id_orig": 2371.0,
        "cod_ant": "13-321",
        "cod_vig": 113321.0,
        "cod_m_ant": null,
        "cod_m_nuev": null,
        "cod_reg": "13",
        "nom_reg": "Metropolitana de Santiago",
        "cod_dep": "13",
        "dependenc": "Servicio de Salud Metropolitano Sur",
        "pertenenci": "Perteneciente al Sistema Nacional de Servicios de Salud",
        "tipo": "Centro de Salud Familiar (CESFAM)",
        "ambito": "Establecimiento de Salud",
        "nombre": "Centro de Salud Familiar Calera de Tango",
        "certifi": "Centro de Salud Familiar",
        "dep_adm": "Municipal",
        "nivel": "Primer Nivel",
        "cod_com": "13403",
        "nom_com": "Calera de Tango",
        "via": "Calle",
        "numero": null,
        "direccion": "Lonquén Sur",
        "fono": "228557292",
        "f_inicio": null,
        "urgencia": "NO",
        "tipo_urge": "No Aplica",
        "clas_sapu": "No Aplica",
        "latitud": -33.63601,
        "longitud": -70.81101,
        "prestador": "Público",
        "estado": "Vigente en Operación Habitual",
        "complejida": "Baja Complejidad",
        "tipo_aten": "Atención Abierta-Ambulatoria",
        "cut_comuna": "13403",
        "cut_region": "13",
        "cut_provin": "134",
        "nom_region": "Metropolitana de Santiago",
        "nom_provin": "Maipo",
        "nom_comuna": "Calera de Tango",
        "ir_google": "https://www.google.cl/maps/dir//-33.63601,-70.81101",
        "simbologia": "Atención Primaria de Salud (APS)"
      },
      "geometry": {
        "type": "Point",
        "coordinates": [
          -70.81101,
          -33.63601
        ]
      }
    },
    {
      "type": "Feature",
      "properties": {
        "id_orig": 2372.0,
        "cod_ant": "14-310",
        "cod_vig": 114310.0,
        "cod_m_ant": null,
        "cod_m_nuev": null,
        "cod_reg": "13",
        "nom_reg": "Metropolitana de Santiago",
        "cod_dep": "14",
        "dependenc": "Servicio de Salud Metropolitano Sur Oriente",
        "pertenenci": "Perteneciente al Sistema Nacional de Servicios de Salud",
        "tipo": "Centro de Salud Familiar (CESFAM)",
        "ambito": "Establecimiento de Salud",
        "nombre": "Centro de Salud Familiar Dr. José Manuel Balmaceda",
        "certifi": "Centro de Salud Familiar",
        "dep_adm": "Municipal",
        "nivel": "Primer Nivel",
        "cod_com": "13202",
        "nom_com": "Pirque",
        "via": "Avenida",
        "numero": "385",
        "direccion": "Virginia Subercaseaux",
        "fono": "223858576",
        "f_inicio": null,
        "urgencia": "NO",
        "tipo_urge": "No Aplica",
        "clas_sapu": "No Aplica",
        "latitud": -33.63508,
        "longitud": -70.57248,
        "prestador": "Público",
        "estado": "Vigente en Operación Habitual",
        "complejida": "Baja Complejidad",
        "tipo_aten": "Atención Abierta-Ambulatoria",
        "cut_comuna": "13202",
        "cut_region": "13",
        "cut_provin": "132",
        "nom_region": "Metropolitana de Santiago",
        "nom_provin": "Cordillera",
        "nom_comuna": "Pirque",
        "ir_google": "https://www.google.cl/maps/dir//-33.63508,-70.57248",
        "simbologia": "Atención Primaria de Salud (APS)"
      },
      "geometry": {
        "type": "Point",
        "coordinates": [
          -70.57248,
          -33.63508
        ]
      }
    },
    {
      "type": "Feature",
      "properties": {
        "id_orig": 2378.0,
        "cod_ant": "14-321",
        "cod_vig": 114321.0,
        "cod_m_ant": null,
        "cod_m_nuev": null,
        "cod_reg": "13",
        "nom_reg": "Metropolitana de Santiago",
        "cod_dep": "14",
        "dependenc": "Servicio de Salud Metropolitano Sur Oriente",
        "pertenenci": "Perteneciente al Sistema Nacional de Servicios de Salud",
        "tipo": "Centro de Salud Familiar (CESFAM)",
        "ambito": "Establecimiento de Salud",
        "nombre": "Centro de Salud Familiar Cardenal Silva Henríquez",
        "certifi": "Centro de Salud Familiar",
        "dep_adm": "Municipal",
        "nivel": "Primer Nivel",
        "cod_com": "13201",
        "nom_com": "Puente Alto",
        "via": "Calle",
        "numero": "3345",
        "direccion": "San Pedro",
        "fono": "224854202",
        "f_inicio": null,
        "urgencia": "NO",
        "tipo_urge": "No Aplica",
        "clas_sapu": "No Aplica",
        "latitud": -33.62792,
        "longitud": -70.61646,
        "prestador": "Público",
        "estado": "Vigente en Operación Habitual",
        "complejida": "Baja Complejidad",
        "tipo_aten": "Atención Abierta-Ambulatoria",
        "cut_comuna": "13201",
        "cut_region": "13",
        "cut_provin": "132",
        "nom_region": "Metropolitana de Santiago",
        "nom_provin": "Cordillera",
        "nom_comuna": "Puente Alto",
        "ir_google": "https://www.google.cl/maps/dir//-33.62792,-70.61646",
        "simbologia": "Atención Primaria de Salud (APS)"
      },
      "geometry": {
        "type": "Point",
        "coordinates": [
          -70.61646,
          -33.62792
        ]
      }
    },
    {
      "type": "Feature",
      "properties": {
        "id_orig": 2381.0,
        "cod_ant": "14-326",
        "cod_vig": 114326.0,
        "cod_m_ant": null,
        "cod_m_nuev": null,
        "cod_reg": "13",
        "nom_reg": "Metropolitana de Santiago",
        "cod_dep": "14",
        "dependenc": "Servicio de Salud Metropolitano Sur Oriente",
        "pertenenci": "Perteneciente al Sistema Nacional de Servicios de Salud",
        "tipo": "Centro de Salud Familiar (CESFAM)",
        "ambito": "Establecimiento de Salud",
        "nombre": "Centro de Salud Familiar Karol Wojtyla",
        "certifi": "Centro de Salud Familiar",
        "dep_adm": "Municipal",
        "nivel": "Primer Nivel",
        "cod_com": "13201",
        "nom_com": "Puente Alto",
        "via": "Calle",
        "numero": "4110",
        "direccion": "Curaco de Vélez",
        "fono": "224854500",
        "f_inicio": null,
        "urgencia": "NO",
        "tipo_urge": "No Aplica",
        "clas_sapu": "No Aplica",
        "latitud": -33.62597,
        "longitud": -70.62576,
        "prestador": "Público",
        "estado": "Vigente en Operación Habitual",
        "complejida": "Baja Complejidad",
        "tipo_aten": "Atención Abierta-Ambulatoria",
        "cut_comuna": "13201",
        "cut_region": "13",
        "cut_provin": "132",
        "nom_region": "Metropolitana de Santiago",
        "nom_provin": "Cordillera",
        "nom_comuna": "Puente Alto",
        "ir_google": "https://www.google.cl/maps/dir//-33.62597,-70.62576",
        "simbologia": "Atención Primaria de Salud (APS)"
      },
      "geometry": {
        "type": "Point",
        "coordinates": [
          -70.62576,
          -33.62597
        ]
      }
    },
    {
      "type": "Feature",
      "properties": {
        "id_orig": 2382.0,
        "cod_ant": "13-334",
        "cod_vig": 113334.0,
        "cod_m_ant": null,
        "cod_m_nuev": null,
        "cod_reg": "13",
        "nom_reg": "Metropolitana de Santiago",
        "cod_dep": "13",
        "dependenc": "Servicio de Salud Metropolitano Sur",
        "pertenenci": "Perteneciente al Sistema Nacional de Servicios de Salud",
        "tipo": "Centro de Salud Familiar (CESFAM)",
        "ambito": "Establecimiento de Salud",
        "nombre": "Centro de Salud Familiar Los Bajos de San Agustín",
        "certifi": "Centro de Salud Familiar",
        "dep_adm": "Municipal",
        "nivel": "Primer Nivel",
        "cod_com": "13403",
        "nom_com": "Calera de Tango",
        "via": "Avenida",
        "numero": null,
        "direccion": "Calera de Tango",
        "fono": "228551600",
        "f_inicio": null,
        "urgencia": "NO",
        "tipo_urge": "No Aplica",
        "clas_sapu": "No Aplica",
        "latitud": -33.62595,
        "longitud": -70.78242,
        "prestador": "Público",
        "estado": "Vigente en Operación Habitual",
        "complejida": "Baja Complejidad",
        "tipo_aten": "Atención Abierta-Ambulatoria",
        "cut_comuna": "13403",
        "cut_region": "13",
        "cut_provin": "134",
        "nom_region": "Metropolitana de Santiago",
        "nom_provin": "Maipo",
        "nom_comuna": "Calera de Tango",
        "ir_google": "https://www.google.cl/maps/dir//-33.62595,-70.78242",
        "simbologia": "Atención Primaria de Salud (APS)"
      },
      "geometry": {
        "type": "Point",
        "coordinates": [
          -70.78242,
          -33.62595
        ]
      }
    },
    {
      "type": "Feature",
      "properties": {
        "id_orig": 2385.0,
        "cod_ant": "14-312",
        "cod_vig": 114312.0,
        "cod_m_ant": null,
        "cod_m_nuev": null,
        "cod_reg": "13",
        "nom_reg": "Metropolitana de Santiago",
        "cod_dep": "14",
        "dependenc": "Servicio de Salud Metropolitano Sur Oriente",
        "pertenenci": "Perteneciente al Sistema Nacional de Servicios de Salud",
        "tipo": "Centro de Salud Familiar (CESFAM)",
        "ambito": "Establecimiento de Salud",
        "nombre": "Centro de Salud Familiar San Gerónimo",
        "certifi": "Centro de Salud Familiar",
        "dep_adm": "Municipal",
        "nivel": "Primer Nivel",
        "cod_com": "13201",
        "nom_com": "Puente Alto",
        "via": "Calle",
        "numero": "1203",
        "direccion": "San Pedro",
        "fono": "224854351",
        "f_inicio": null,
        "urgencia": "NO",
        "tipo_urge": "No Aplica",
        "clas_sapu": "No Aplica",
        "latitud": -33.62353,
        "longitud": -70.58839,
        "prestador": "Público",
        "estado": "Vigente en Operación Habitual",
        "complejida": "Baja Complejidad",
        "tipo_aten": "Atención Abierta-Ambulatoria",
        "cut_comuna": "13201",
        "cut_region": "13",
        "cut_provin": "132",
        "nom_region": "Metropolitana de Santiago",
        "nom_provin": "Cordillera",
        "nom_comuna": "Puente Alto",
        "ir_google": "https://www.google.cl/maps/dir//-33.62353,-70.58839",
        "simbologia": "Atención Primaria de Salud (APS)"
      },
      "geometry": {
        "type": "Point",
        "coordinates": [
          -70.58839,
          -33.62353
        ]
      }
    },
    {
      "type": "Feature",
      "properties": {
        "id_orig": 2391.0,
        "cod_ant": "14-323",
        "cod_vig": 114323.0,
        "cod_m_ant": null,
        "cod_m_nuev": null,
        "cod_reg": "13",
        "nom_reg": "Metropolitana de Santiago",
        "cod_dep": "14",
        "dependenc": "Servicio de Salud Metropolitano Sur Oriente",
        "pertenenci": "Perteneciente al Sistema Nacional de Servicios de Salud",
        "tipo": "Centro de Salud Familiar (CESFAM)",
        "ambito": "Establecimiento de Salud",
        "nombre": "Centro de Salud Familiar Madre Teresa de Calcuta Red de Salud UC CHRISTUS",
        "certifi": "Centro de Salud Familiar",
        "dep_adm": "Delegado",
        "nivel": "Primer Nivel",
        "cod_com": "13201",
        "nom_com": "Puente Alto",
        "via": "Avenida",
        "numero": "1815",
        "direccion": "Circunvalación",
        "fono": "228515215",
        "f_inicio": "37987",
        "urgencia": "NO",
        "tipo_urge": "No Aplica",
        "clas_sapu": "No Aplica",
        "latitud": -33.61433,
        "longitud": -70.55268,
        "prestador": "Público",
        "estado": "Vigente en Operación Habitual",
        "complejida": "Baja Complejidad",
        "tipo_aten": "Atención Abierta-Ambulatoria",
        "cut_comuna": "13201",
        "cut_region": "13",
        "cut_provin": "132",
        "nom_region": "Metropolitana de Santiago",
        "nom_provin": "Cordillera",
        "nom_comuna": "Puente Alto",
        "ir_google": "https://www.google.cl/maps/dir//-33.61433,-70.55268",
        "simbologia": "Atención Primaria de Salud (APS)"
      },
      "geometry": {
        "type": "Point",
        "coordinates": [
          -70.55268,
          -33.61433
        ]
      }
    },
    {
      "type": "Feature",
      "properties": {
        "id_orig": 2394.0,
        "cod_ant": "13-328",
        "cod_vig": 113328.0,
        "cod_m_ant": null,
        "cod_m_nuev": null,
        "cod_reg": "13",
        "nom_reg": "Metropolitana de Santiago",
        "cod_dep": "13",
        "dependenc": "Servicio de Salud Metropolitano Sur",
        "pertenenci": "Perteneciente al Sistema Nacional de Servicios de Salud",
        "tipo": "Centro de Salud Familiar (CESFAM)",
        "ambito": "Establecimiento de Salud",
        "nombre": "Centro de Salud Familiar Padre Joan Alsina",
        "certifi": "Centro de Salud Familiar",
        "dep_adm": "Municipal",
        "nivel": "Primer Nivel",
        "cod_com": "13401",
        "nom_com": "San Bernardo",
        "via": "Calle",
        "numero": "5",
        "direccion": "Márquez de la Plata",
        "fono": null,
        "f_inicio": null,
        "urgencia": "NO",
        "tipo_urge": "No Aplica",
        "clas_sapu": "No Aplica",
        "latitud": -33.61399,
        "longitud": -70.69787,
        "prestador": "Público",
        "estado": "Vigente en Operación Habitual",
        "complejida": "Baja Complejidad",
        "tipo_aten": "Atención Abierta-Ambulatoria",
        "cut_comuna": "13401",
        "cut_region": "13",
        "cut_provin": "134",
        "nom_region": "Metropolitana de Santiago",
        "nom_provin": "Maipo",
        "nom_comuna": "San Bernardo",
        "ir_google": "https://www.google.cl/maps/dir//-33.61399,-70.69787",
        "simbologia": "Atención Primaria de Salud (APS)"
      },
      "geometry": {
        "type": "Point",
        "coordinates": [
          -70.69787,
          -33.61399
        ]
      }
    },
    {
      "type": "Feature",
      "properties": {
        "id_orig": 2401.0,
        "cod_ant": "14-313",
        "cod_vig": 114313.0,
        "cod_m_ant": null,
        "cod_m_nuev": null,
        "cod_reg": "13",
        "nom_reg": "Metropolitana de Santiago",
        "cod_dep": "14",
        "dependenc": "Servicio de Salud Metropolitano Sur Oriente",
        "pertenenci": "Perteneciente al Sistema Nacional de Servicios de Salud",
        "tipo": "Centro de Salud Familiar (CESFAM)",
        "ambito": "Establecimiento de Salud",
        "nombre": "Centro de Salud Familiar Vista Hermosa",
        "certifi": "Centro de Salud Familiar",
        "dep_adm": "Municipal",
        "nivel": "Primer Nivel",
        "cod_com": "13201",
        "nom_com": "Puente Alto",
        "via": "Calle",
        "numero": "275",
        "direccion": "Los Pinos",
        "fono": "224344485",
        "f_inicio": null,
        "urgencia": "NO",
        "tipo_urge": "No Aplica",
        "clas_sapu": "No Aplica",
        "latitud": -33.61107,
        "longitud": -70.52104,
        "prestador": "Público",
        "estado": "Vigente en Operación Habitual",
        "complejida": "Baja Complejidad",
        "tipo_aten": "Atención Abierta-Ambulatoria",
        "cut_comuna": "13201",
        "cut_region": "13",
        "cut_provin": "132",
        "nom_region": "Metropolitana de Santiago",
        "nom_provin": "Cordillera",
        "nom_comuna": "Puente Alto",
        "ir_google": "https://www.google.cl/maps/dir//-33.61107,-70.52104",
        "simbologia": "Atención Primaria de Salud (APS)"
      },
      "geometry": {
        "type": "Point",
        "coordinates": [
          -70.52104,
          -33.61107
        ]
      }
    },
    {
      "type": "Feature",
      "properties": {
        "id_orig": 2406.0,
        "cod_ant": "10-369",
        "cod_vig": 110369.0,
        "cod_m_ant": null,
        "cod_m_nuev": null,
        "cod_reg": "13",
        "nom_reg": "Metropolitana de Santiago",
        "cod_dep": "10",
        "dependenc": "Servicio de Salud Metropolitano Occidente",
        "pertenenci": "Perteneciente al Sistema Nacional de Servicios de Salud",
        "tipo": "Centro de Salud Familiar (CESFAM)",
        "ambito": "Establecimiento de Salud",
        "nombre": "Centro de Salud Familiar Dr. Fernando Monckeberg",
        "certifi": "Centro de Salud Familiar",
        "dep_adm": "Municipal",
        "nivel": "Primer Nivel",
        "cod_com": "13605",
        "nom_com": "Peñaflor",
        "via": "Calle",
        "numero": "73",
        "direccion": "La Concepción",
        "fono": "225745750",
        "f_inicio": null,
        "urgencia": "NO",
        "tipo_urge": "No Aplica",
        "clas_sapu": "No Aplica",
        "latitud": -33.60998,
        "longitud": -70.87164,
        "prestador": "Público",
        "estado": "Vigente en Operación Habitual",
        "complejida": "Baja Complejidad",
        "tipo_aten": "Atención Abierta-Ambulatoria",
        "cut_comuna": "13605",
        "cut_region": "13",
        "cut_provin": "136",
        "nom_region": "Metropolitana de Santiago",
        "nom_provin": "Talagante",
        "nom_comuna": "Peñaflor",
        "ir_google": "https://www.google.cl/maps/dir//-33.60998,-70.87164",
        "simbologia": "Atención Primaria de Salud (APS)"
      },
      "geometry": {
        "type": "Point",
        "coordinates": [
          -70.87164,
          -33.60998
        ]
      }
    },
    {
      "type": "Feature",
      "properties": {
        "id_orig": 2410.0,
        "cod_ant": "10-308",
        "cod_vig": 110308.0,
        "cod_m_ant": null,
        "cod_m_nuev": null,
        "cod_reg": "13",
        "nom_reg": "Metropolitana de Santiago",
        "cod_dep": "10",
        "dependenc": "Servicio de Salud Metropolitano Occidente",
        "pertenenci": "Perteneciente al Sistema Nacional de Servicios de Salud",
        "tipo": "Centro de Salud Familiar (CESFAM)",
        "ambito": "Establecimiento de Salud",
        "nombre": "Centro de Salud Familiar Peñaflor",
        "certifi": "Centro de Salud Familiar",
        "dep_adm": "Municipal",
        "nivel": "Primer Nivel",
        "cod_com": "13605",
        "nom_com": "Peñaflor",
        "via": "Calle",
        "numero": "1000",
        "direccion": "Costa Rica",
        "fono": null,
        "f_inicio": null,
        "urgencia": "NO",
        "tipo_urge": "No Aplica",
        "clas_sapu": "No Aplica",
        "latitud": -33.6088,
        "longitud": -70.89626,
        "prestador": "Público",
        "estado": "Vigente en Operación Habitual",
        "complejida": "Baja Complejidad",
        "tipo_aten": "Atención Abierta-Ambulatoria",
        "cut_comuna": "13605",
        "cut_region": "13",
        "cut_provin": "136",
        "nom_region": "Metropolitana de Santiago",
        "nom_provin": "Talagante",
        "nom_comuna": "Peñaflor",
        "ir_google": "https://www.google.cl/maps/dir//-33.6088,-70.89626",
        "simbologia": "Atención Primaria de Salud (APS)"
      },
      "geometry": {
        "type": "Point",
        "coordinates": [
          -70.89626,
          -33.6088
        ]
      }
    },
    {
      "type": "Feature",
      "properties": {
        "id_orig": 2412.0,
        "cod_ant": "14-301",
        "cod_vig": 114301.0,
        "cod_m_ant": null,
        "cod_m_nuev": null,
        "cod_reg": "13",
        "nom_reg": "Metropolitana de Santiago",
        "cod_dep": "14",
        "dependenc": "Servicio de Salud Metropolitano Sur Oriente",
        "pertenenci": "Perteneciente al Sistema Nacional de Servicios de Salud",
        "tipo": "Centro de Salud Familiar (CESFAM)",
        "ambito": "Establecimiento de Salud",
        "nombre": "Centro de Salud Familiar Dr. Alejandro del Río",
        "certifi": "Centro de Salud Familiar",
        "dep_adm": "Municipal",
        "nivel": "Primer Nivel",
        "cod_com": "13201",
        "nom_com": "Puente Alto",
        "via": "Calle",
        "numero": "105",
        "direccion": "Gandarillas",
        "fono": "222454101",
        "f_inicio": null,
        "urgencia": "NO",
        "tipo_urge": "No Aplica",
        "clas_sapu": "No Aplica",
        "latitud": -33.60716,
        "longitud": -70.57845,
        "prestador": "Público",
        "estado": "Vigente en Operación Habitual",
        "complejida": "Baja Complejidad",
        "tipo_aten": "Atención Abierta-Ambulatoria",
        "cut_comuna": "13201",
        "cut_region": "13",
        "cut_provin": "132",
        "nom_region": "Metropolitana de Santiago",
        "nom_provin": "Cordillera",
        "nom_comuna": "Puente Alto",
        "ir_google": "https://www.google.cl/maps/dir//-33.60716,-70.57845",
        "simbologia": "Atención Primaria de Salud (APS)"
      },
      "geometry": {
        "type": "Point",
        "coordinates": [
          -70.57845,
          -33.60716
        ]
      }
    },
    {
      "type": "Feature",
      "properties": {
        "id_orig": 2426.0,
        "cod_ant": "13-330",
        "cod_vig": 113330.0,
        "cod_m_ant": null,
        "cod_m_nuev": null,
        "cod_reg": "13",
        "nom_reg": "Metropolitana de Santiago",
        "cod_dep": "13",
        "dependenc": "Servicio de Salud Metropolitano Sur",
        "pertenenci": "Perteneciente al Sistema Nacional de Servicios de Salud",
        "tipo": "Centro de Salud Familiar (CESFAM)",
        "ambito": "Establecimiento de Salud",
        "nombre": "Centro de Salud Familiar Raúl Brañes F.",
        "certifi": "Centro de Salud Familiar",
        "dep_adm": "Municipal",
        "nivel": "Primer Nivel",
        "cod_com": "13401",
        "nom_com": "San Bernardo",
        "via": "Avenida",
        "numero": "1036",
        "direccion": "Carlos Condell",
        "fono": "800500467",
        "f_inicio": null,
        "urgencia": "NO",
        "tipo_urge": "No Aplica",
        "clas_sapu": "No Aplica",
        "latitud": -33.59866,
        "longitud": -70.68036,
        "prestador": "Público",
        "estado": "Vigente en Operación Habitual",
        "complejida": "Baja Complejidad",
        "tipo_aten": "Atención Abierta-Ambulatoria",
        "cut_comuna": "13401",
        "cut_region": "13",
        "cut_provin": "134",
        "nom_region": "Metropolitana de Santiago",
        "nom_provin": "Maipo",
        "nom_comuna": "San Bernardo",
        "ir_google": "https://www.google.cl/maps/dir//-33.59866,-70.68036",
        "simbologia": "Atención Primaria de Salud (APS)"
      },
      "geometry": {
        "type": "Point",
        "coordinates": [
          -70.68036,
          -33.59866
        ]
      }
    },
    {
      "type": "Feature",
      "properties": {
        "id_orig": 2428.0,
        "cod_ant": "13-313",
        "cod_vig": 113313.0,
        "cod_m_ant": null,
        "cod_m_nuev": null,
        "cod_reg": "13",
        "nom_reg": "Metropolitana de Santiago",
        "cod_dep": "13",
        "dependenc": "Servicio de Salud Metropolitano Sur",
        "pertenenci": "Perteneciente al Sistema Nacional de Servicios de Salud",
        "tipo": "Centro de Salud Familiar (CESFAM)",
        "ambito": "Establecimiento de Salud",
        "nombre": "Centro de Salud Familiar Raúl Cuevas (Ex-San Bernardo)",
        "certifi": "Centro de Salud Familiar",
        "dep_adm": "Municipal",
        "nivel": "Primer Nivel",
        "cod_com": "13401",
        "nom_com": "San Bernardo",
        "via": "Calle",
        "numero": "1202",
        "direccion": "San Alfonso",
        "fono": "225769920",
        "f_inicio": null,
        "urgencia": "NO",
        "tipo_urge": "No Aplica",
        "clas_sapu": "No Aplica",
        "latitud": -33.59763,
        "longitud": -70.71485,
        "prestador": "Público",
        "estado": "Vigente en Operación Habitual",
        "complejida": "Baja Complejidad",
        "tipo_aten": "Atención Abierta-Ambulatoria",
        "cut_comuna": "13401",
        "cut_region": "13",
        "cut_provin": "134",
        "nom_region": "Metropolitana de Santiago",
        "nom_provin": "Maipo",
        "nom_comuna": "San Bernardo",
        "ir_google": "https://www.google.cl/maps/dir//-33.59763,-70.71485",
        "simbologia": "Atención Primaria de Salud (APS)"
      },
      "geometry": {
        "type": "Point",
        "coordinates": [
          -70.71485,
          -33.59763
        ]
      }
    },
    {
      "type": "Feature",
      "properties": {
        "id_orig": 2432.0,
        "cod_ant": "14-329",
        "cod_vig": 114329.0,
        "cod_m_ant": null,
        "cod_m_nuev": null,
        "cod_reg": "13",
        "nom_reg": "Metropolitana de Santiago",
        "cod_dep": "14",
        "dependenc": "Servicio de Salud Metropolitano Sur Oriente",
        "pertenenci": "Perteneciente al Sistema Nacional de Servicios de Salud",
        "tipo": "Centro de Salud Familiar (CESFAM)",
        "ambito": "Establecimiento de Salud",
        "nombre": "Centro de Salud Familiar San Alberto Hurtado Red de Salud UC CHRISTUS",
        "certifi": "Centro de Salud Familiar",
        "dep_adm": "Delegado",
        "nivel": "Primer Nivel",
        "cod_com": "13201",
        "nom_com": "Puente Alto",
        "via": "Avenida",
        "numero": "1693",
        "direccion": "San Carlos",
        "fono": "225879310",
        "f_inicio": null,
        "urgencia": "NO",
        "tipo_urge": "No Aplica",
        "clas_sapu": "No Aplica",
        "latitud": -33.59663,
        "longitud": -70.55654,
        "prestador": "Público",
        "estado": "Vigente en Operación Habitual",
        "complejida": "Baja Complejidad",
        "tipo_aten": "Atención Abierta-Ambulatoria",
        "cut_comuna": "13201",
        "cut_region": "13",
        "cut_provin": "132",
        "nom_region": "Metropolitana de Santiago",
        "nom_provin": "Cordillera",
        "nom_comuna": "Puente Alto",
        "ir_google": "https://www.google.cl/maps/dir//-33.59663,-70.55654",
        "simbologia": "Atención Primaria de Salud (APS)"
      },
      "geometry": {
        "type": "Point",
        "coordinates": [
          -70.55654,
          -33.59663
        ]
      }
    },
    {
      "type": "Feature",
      "properties": {
        "id_orig": 2433.0,
        "cod_ant": "14-327",
        "cod_vig": 114327.0,
        "cod_m_ant": null,
        "cod_m_nuev": null,
        "cod_reg": "13",
        "nom_reg": "Metropolitana de Santiago",
        "cod_dep": "14",
        "dependenc": "Servicio de Salud Metropolitano Sur Oriente",
        "pertenenci": "Perteneciente al Sistema Nacional de Servicios de Salud",
        "tipo": "Centro de Salud Familiar (CESFAM)",
        "ambito": "Establecimiento de Salud",
        "nombre": "Centro de Salud Familiar Juan Pablo II Red de Salud UC CHRISTUS",
        "certifi": "Centro de Salud Familiar",
        "dep_adm": "Delegado",
        "nivel": "Primer Nivel",
        "cod_com": "13112",
        "nom_com": "La Pintana",
        "via": "Avenida",
        "numero": "2870",
        "direccion": "La Primavera, Población Jorge Alessandri Rodríguez, El Castillo",
        "fono": "224822410",
        "f_inicio": null,
        "urgencia": "NO",
        "tipo_urge": "No Aplica",
        "clas_sapu": "No Aplica",
        "latitud": -33.59543,
        "longitud": -70.6217,
        "prestador": "Público",
        "estado": "Vigente en Operación Habitual",
        "complejida": "Baja Complejidad",
        "tipo_aten": "Atención Abierta-Ambulatoria",
        "cut_comuna": "13112",
        "cut_region": "13",
        "cut_provin": "131",
        "nom_region": "Metropolitana de Santiago",
        "nom_provin": "Santiago",
        "nom_comuna": "La Pintana",
        "ir_google": "https://www.google.cl/maps/dir//-33.59543,-70.6217",
        "simbologia": "Atención Primaria de Salud (APS)"
      },
      "geometry": {
        "type": "Point",
        "coordinates": [
          -70.6217,
          -33.59543
        ]
      }
    },
    {
      "type": "Feature",
      "properties": {
        "id_orig": 2443.0,
        "cod_ant": "14-332",
        "cod_vig": 114332.0,
        "cod_m_ant": null,
        "cod_m_nuev": null,
        "cod_reg": "13",
        "nom_reg": "Metropolitana de Santiago",
        "cod_dep": "14",
        "dependenc": "Servicio de Salud Metropolitano Sur Oriente",
        "pertenenci": "Perteneciente al Sistema Nacional de Servicios de Salud",
        "tipo": "Centro de Salud Familiar (CESFAM)",
        "ambito": "Establecimiento de Salud",
        "nombre": "Centro de Salud Familiar Laurita Vicuña",
        "certifi": "Centro de Salud Familiar",
        "dep_adm": "Municipal",
        "nivel": "Primer Nivel",
        "cod_com": "13201",
        "nom_com": "Puente Alto",
        "via": "Avenida",
        "numero": "2433",
        "direccion": "Ejército Libertador",
        "fono": "224854600",
        "f_inicio": null,
        "urgencia": "NO",
        "tipo_urge": "No Aplica",
        "clas_sapu": "No Aplica",
        "latitud": -33.59115,
        "longitud": -70.59528,
        "prestador": "Público",
        "estado": "Vigente en Operación Habitual",
        "complejida": "Baja Complejidad",
        "tipo_aten": "Atención Abierta-Ambulatoria",
        "cut_comuna": "13201",
        "cut_region": "13",
        "cut_provin": "132",
        "nom_region": "Metropolitana de Santiago",
        "nom_provin": "Cordillera",
        "nom_comuna": "Puente Alto",
        "ir_google": "https://www.google.cl/maps/dir//-33.59115,-70.59528",
        "simbologia": "Atención Primaria de Salud (APS)"
      },
      "geometry": {
        "type": "Point",
        "coordinates": [
          -70.59528,
          -33.59115
        ]
      }
    },
    {
      "type": "Feature",
      "properties": {
        "id_orig": 2445.0,
        "cod_ant": "13-394",
        "cod_vig": 113394.0,
        "cod_m_ant": null,
        "cod_m_nuev": null,
        "cod_reg": "13",
        "nom_reg": "Metropolitana de Santiago",
        "cod_dep": "13",
        "dependenc": "Servicio de Salud Metropolitano Sur",
        "pertenenci": "Perteneciente al Sistema Nacional de Servicios de Salud",
        "tipo": "Centro de Salud Familiar (CESFAM)",
        "ambito": "Establecimiento de Salud",
        "nombre": "Centro de Salud Familiar El Manzano",
        "certifi": "Centro de Salud Familiar",
        "dep_adm": "Municipal",
        "nivel": "Primer Nivel",
        "cod_com": "13401",
        "nom_com": "San Bernardo",
        "via": "Calle",
        "numero": "1876",
        "direccion": "Camino Santa Teresa",
        "fono": "225761241",
        "f_inicio": null,
        "urgencia": "NO",
        "tipo_urge": "No Aplica",
        "clas_sapu": "No Aplica",
        "latitud": -33.59071,
        "longitud": -70.66622,
        "prestador": "Público",
        "estado": "Vigente en Operación Habitual",
        "complejida": "Baja Complejidad",
        "tipo_aten": "Atención Abierta-Ambulatoria",
        "cut_comuna": "13401",
        "cut_region": "13",
        "cut_provin": "134",
        "nom_region": "Metropolitana de Santiago",
        "nom_provin": "Maipo",
        "nom_comuna": "San Bernardo",
        "ir_google": "https://www.google.cl/maps/dir//-33.59071,-70.66622",
        "simbologia": "Atención Primaria de Salud (APS)"
      },
      "geometry": {
        "type": "Point",
        "coordinates": [
          -70.66622,
          -33.59071
        ]
      }
    },
    {
      "type": "Feature",
      "properties": {
        "id_orig": 2448.0,
        "cod_ant": "13-315",
        "cod_vig": 113315.0,
        "cod_m_ant": null,
        "cod_m_nuev": null,
        "cod_reg": "13",
        "nom_reg": "Metropolitana de Santiago",
        "cod_dep": "13",
        "dependenc": "Servicio de Salud Metropolitano Sur",
        "pertenenci": "Perteneciente al Sistema Nacional de Servicios de Salud",
        "tipo": "Centro de Salud Familiar (CESFAM)",
        "ambito": "Establecimiento de Salud",
        "nombre": "Centro de Salud Familiar Confraternidad",
        "certifi": "Centro de Salud Familiar",
        "dep_adm": "Municipal",
        "nivel": "Primer Nivel",
        "cod_com": "13401",
        "nom_com": "San Bernardo",
        "via": "Calle",
        "numero": "14210",
        "direccion": "Martín de Solís",
        "fono": "800500466",
        "f_inicio": null,
        "urgencia": "NO",
        "tipo_urge": "No Aplica",
        "clas_sapu": "No Aplica",
        "latitud": -33.58966,
        "longitud": -70.68286,
        "prestador": "Público",
        "estado": "Vigente en Operación Habitual",
        "complejida": "Baja Complejidad",
        "tipo_aten": "Atención Abierta-Ambulatoria",
        "cut_comuna": "13401",
        "cut_region": "13",
        "cut_provin": "134",
        "nom_region": "Metropolitana de Santiago",
        "nom_provin": "Maipo",
        "nom_comuna": "San Bernardo",
        "ir_google": "https://www.google.cl/maps/dir//-33.58966,-70.68286",
        "simbologia": "Atención Primaria de Salud (APS)"
      },
      "geometry": {
        "type": "Point",
        "coordinates": [
          -70.68286,
          -33.58966
        ]
      }
    },
    {
      "type": "Feature",
      "properties": {
        "id_orig": 2451.0,
        "cod_ant": "14-311",
        "cod_vig": 114311.0,
        "cod_m_ant": null,
        "cod_m_nuev": null,
        "cod_reg": "13",
        "nom_reg": "Metropolitana de Santiago",
        "cod_dep": "14",
        "dependenc": "Servicio de Salud Metropolitano Sur Oriente",
        "pertenenci": "Perteneciente al Sistema Nacional de Servicios de Salud",
        "tipo": "Centro de Salud Familiar (CESFAM)",
        "ambito": "Establecimiento de Salud",
        "nombre": "Centro de Salud Familiar Santiago de Nueva Extremadura",
        "certifi": "Centro de Salud Familiar",
        "dep_adm": "Municipal",
        "nivel": "Primer Nivel",
        "cod_com": "13112",
        "nom_com": "La Pintana",
        "via": "Avenida",
        "numero": "13558",
        "direccion": "Juanita",
        "fono": "225750054",
        "f_inicio": "32396",
        "urgencia": "NO",
        "tipo_urge": "No Aplica",
        "clas_sapu": "No Aplica",
        "latitud": -33.58898,
        "longitud": -70.61858,
        "prestador": "Público",
        "estado": "Vigente en Operación Habitual",
        "complejida": "Baja Complejidad",
        "tipo_aten": "Atención Abierta-Ambulatoria",
        "cut_comuna": "13112",
        "cut_region": "13",
        "cut_provin": "131",
        "nom_region": "Metropolitana de Santiago",
        "nom_provin": "Santiago",
        "nom_comuna": "La Pintana",
        "ir_google": "https://www.google.cl/maps/dir//-33.58898,-70.61858",
        "simbologia": "Atención Primaria de Salud (APS)"
      },
      "geometry": {
        "type": "Point",
        "coordinates": [
          -70.61858,
          -33.58898
        ]
      }
    },
    {
      "type": "Feature",
      "properties": {
        "id_orig": 2458.0,
        "cod_ant": "14-318",
        "cod_vig": 114318.0,
        "cod_m_ant": null,
        "cod_m_nuev": null,
        "cod_reg": "13",
        "nom_reg": "Metropolitana de Santiago",
        "cod_dep": "14",
        "dependenc": "Servicio de Salud Metropolitano Sur Oriente",
        "pertenenci": "Perteneciente al Sistema Nacional de Servicios de Salud",
        "tipo": "Centro de Salud Familiar (CESFAM)",
        "ambito": "Establecimiento de Salud",
        "nombre": "Centro de Salud Familiar Flor Fernández",
        "certifi": "Centro de Salud Familiar",
        "dep_adm": "Municipal",
        "nivel": "Primer Nivel",
        "cod_com": "13112",
        "nom_com": "La Pintana",
        "via": "Avenida",
        "numero": "1503",
        "direccion": "Ciudad de México",
        "fono": "225428211",
        "f_inicio": null,
        "urgencia": "NO",
        "tipo_urge": "No Aplica",
        "clas_sapu": "No Aplica",
        "latitud": -33.5855,
        "longitud": -70.63626,
        "prestador": "Público",
        "estado": "Vigente en Operación Habitual",
        "complejida": "Baja Complejidad",
        "tipo_aten": "Atención Abierta-Ambulatoria",
        "cut_comuna": "13112",
        "cut_region": "13",
        "cut_provin": "131",
        "nom_region": "Metropolitana de Santiago",
        "nom_provin": "Santiago",
        "nom_comuna": "La Pintana",
        "ir_google": "https://www.google.cl/maps/dir//-33.5855,-70.63626",
        "simbologia": "Atención Primaria de Salud (APS)"
      },
      "geometry": {
        "type": "Point",
        "coordinates": [
          -70.63626,
          -33.5855
        ]
      }
    },
    {
      "type": "Feature",
      "properties": {
        "id_orig": 2460.0,
        "cod_ant": "13-332",
        "cod_vig": 113332.0,
        "cod_m_ant": null,
        "cod_m_nuev": null,
        "cod_reg": "13",
        "nom_reg": "Metropolitana de Santiago",
        "cod_dep": "13",
        "dependenc": "Servicio de Salud Metropolitano Sur",
        "pertenenci": "Perteneciente al Sistema Nacional de Servicios de Salud",
        "tipo": "Centro de Salud Familiar (CESFAM)",
        "ambito": "Establecimiento de Salud",
        "nombre": "Centro de Salud Familiar Juan Pablo II ( San Bernardo)",
        "certifi": "Centro de Salud Familiar",
        "dep_adm": "Municipal",
        "nivel": "Primer Nivel",
        "cod_com": "13401",
        "nom_com": "San Bernardo",
        "via": "Calle",
        "numero": "276",
        "direccion": "Santa Marta",
        "fono": "228592168",
        "f_inicio": null,
        "urgencia": "NO",
        "tipo_urge": "No Aplica",
        "clas_sapu": "No Aplica",
        "latitud": -33.58448,
        "longitud": -70.69208,
        "prestador": "Público",
        "estado": "Vigente en Operación Habitual",
        "complejida": "Baja Complejidad",
        "tipo_aten": "Atención Abierta-Ambulatoria",
        "cut_comuna": "13401",
        "cut_region": "13",
        "cut_provin": "134",
        "nom_region": "Metropolitana de Santiago",
        "nom_provin": "Maipo",
        "nom_comuna": "San Bernardo",
        "ir_google": "https://www.google.cl/maps/dir//-33.58448,-70.69208",
        "simbologia": "Atención Primaria de Salud (APS)"
      },
      "geometry": {
        "type": "Point",
        "coordinates": [
          -70.69208,
          -33.58448
        ]
      }
    },
    {
      "type": "Feature",
      "properties": {
        "id_orig": 2463.0,
        "cod_ant": "14-320",
        "cod_vig": 114320.0,
        "cod_m_ant": null,
        "cod_m_nuev": null,
        "cod_reg": "13",
        "nom_reg": "Metropolitana de Santiago",
        "cod_dep": "14",
        "dependenc": "Servicio de Salud Metropolitano Sur Oriente",
        "pertenenci": "Perteneciente al Sistema Nacional de Servicios de Salud",
        "tipo": "Centro de Salud Familiar (CESFAM)",
        "ambito": "Establecimiento de Salud",
        "nombre": "Centro de Salud Familiar Bernardo Leighton",
        "certifi": "Centro de Salud Familiar",
        "dep_adm": "Municipal",
        "nivel": "Primer Nivel",
        "cod_com": "13201",
        "nom_com": "Puente Alto",
        "via": "Calle",
        "numero": "1929",
        "direccion": "Miguel Ángel",
        "fono": "224854250",
        "f_inicio": null,
        "urgencia": "NO",
        "tipo_urge": "No Aplica",
        "clas_sapu": "No Aplica",
        "latitud": -33.58428,
        "longitud": -70.60438,
        "prestador": "Público",
        "estado": "Vigente en Operación Habitual",
        "complejida": "Baja Complejidad",
        "tipo_aten": "Atención Abierta-Ambulatoria",
        "cut_comuna": "13201",
        "cut_region": "13",
        "cut_provin": "132",
        "nom_region": "Metropolitana de Santiago",
        "nom_provin": "Cordillera",
        "nom_comuna": "Puente Alto",
        "ir_google": "https://www.google.cl/maps/dir//-33.58428,-70.60438",
        "simbologia": "Atención Primaria de Salud (APS)"
      },
      "geometry": {
        "type": "Point",
        "coordinates": [
          -70.60438,
          -33.58428
        ]
      }
    },
    {
      "type": "Feature",
      "properties": {
        "id_orig": 2466.0,
        "cod_ant": "14-322",
        "cod_vig": 114322.0,
        "cod_m_ant": null,
        "cod_m_nuev": null,
        "cod_reg": "13",
        "nom_reg": "Metropolitana de Santiago",
        "cod_dep": "14",
        "dependenc": "Servicio de Salud Metropolitano Sur Oriente",
        "pertenenci": "Perteneciente al Sistema Nacional de Servicios de Salud",
        "tipo": "Centro de Salud Familiar (CESFAM)",
        "ambito": "Establecimiento de Salud",
        "nombre": "Centro de Salud Familiar Padre Manuel Villaseca",
        "certifi": "Centro de Salud Familiar",
        "dep_adm": "Municipal",
        "nivel": "Primer Nivel",
        "cod_com": "13201",
        "nom_com": "Puente Alto",
        "via": "Calle",
        "numero": "2312",
        "direccion": "Luis Matte Larraín",
        "fono": "224854301",
        "f_inicio": null,
        "urgencia": "NO",
        "tipo_urge": "No Aplica",
        "clas_sapu": "No Aplica",
        "latitud": -33.58396,
        "longitud": -70.55633,
        "prestador": "Público",
        "estado": "Vigente en Operación Habitual",
        "complejida": "Baja Complejidad",
        "tipo_aten": "Atención Abierta-Ambulatoria",
        "cut_comuna": "13201",
        "cut_region": "13",
        "cut_provin": "132",
        "nom_region": "Metropolitana de Santiago",
        "nom_provin": "Cordillera",
        "nom_comuna": "Puente Alto",
        "ir_google": "https://www.google.cl/maps/dir//-33.58396,-70.55633",
        "simbologia": "Atención Primaria de Salud (APS)"
      },
      "geometry": {
        "type": "Point",
        "coordinates": [
          -70.55633,
          -33.58396
        ]
      }
    },
    {
      "type": "Feature",
      "properties": {
        "id_orig": 2468.0,
        "cod_ant": "13-323",
        "cod_vig": 113323.0,
        "cod_m_ant": null,
        "cod_m_nuev": null,
        "cod_reg": "13",
        "nom_reg": "Metropolitana de Santiago",
        "cod_dep": "13",
        "dependenc": "Servicio de Salud Metropolitano Sur",
        "pertenenci": "Perteneciente al Sistema Nacional de Servicios de Salud",
        "tipo": "Centro de Salud Familiar (CESFAM)",
        "ambito": "Establecimiento de Salud",
        "nombre": "Centro de Salud Familiar Dr. Mario Salcedo",
        "certifi": "Centro de Salud Familiar",
        "dep_adm": "Municipal",
        "nivel": "Primer Nivel",
        "cod_com": "13105",
        "nom_com": "El Bosque",
        "via": "Pasaje",
        "numero": "13256",
        "direccion": "Mar Báltico",
        "fono": null,
        "f_inicio": null,
        "urgencia": "NO",
        "tipo_urge": "No Aplica",
        "clas_sapu": "No Aplica",
        "latitud": -33.58208,
        "longitud": -70.66877,
        "prestador": "Público",
        "estado": "Vigente en Operación Habitual",
        "complejida": "Baja Complejidad",
        "tipo_aten": "Atención Abierta-Ambulatoria",
        "cut_comuna": "13105",
        "cut_region": "13",
        "cut_provin": "131",
        "nom_region": "Metropolitana de Santiago",
        "nom_provin": "Santiago",
        "nom_comuna": "El Bosque",
        "ir_google": "https://www.google.cl/maps/dir//-33.58208,-70.66877",
        "simbologia": "Atención Primaria de Salud (APS)"
      },
      "geometry": {
        "type": "Point",
        "coordinates": [
          -70.66877,
          -33.58208
        ]
      }
    },
    {
      "type": "Feature",
      "properties": {
        "id_orig": 2472.0,
        "cod_ant": "14-308",
        "cod_vig": 114308.0,
        "cod_m_ant": null,
        "cod_m_nuev": null,
        "cod_reg": "13",
        "nom_reg": "Metropolitana de Santiago",
        "cod_dep": "14",
        "dependenc": "Servicio de Salud Metropolitano Sur Oriente",
        "pertenenci": "Perteneciente al Sistema Nacional de Servicios de Salud",
        "tipo": "Centro de Salud Familiar (CESFAM)",
        "ambito": "Establecimiento de Salud",
        "nombre": "Centro de Salud Familiar San Rafael",
        "certifi": "Centro de Salud Familiar",
        "dep_adm": "Municipal",
        "nivel": "Primer Nivel",
        "cod_com": "13112",
        "nom_com": "La Pintana",
        "via": "Avenida",
        "numero": "12577",
        "direccion": "Porto Alegre",
        "fono": "225453392",
        "f_inicio": "22454",
        "urgencia": "NO",
        "tipo_urge": "No Aplica",
        "clas_sapu": "No Aplica",
        "latitud": -33.57958,
        "longitud": -70.63909,
        "prestador": "Público",
        "estado": "Vigente en Operación Habitual",
        "complejida": "Baja Complejidad",
        "tipo_aten": "Atención Abierta-Ambulatoria",
        "cut_comuna": "13112",
        "cut_region": "13",
        "cut_provin": "131",
        "nom_region": "Metropolitana de Santiago",
        "nom_provin": "Santiago",
        "nom_comuna": "La Pintana",
        "ir_google": "https://www.google.cl/maps/dir//-33.57958,-70.63909",
        "simbologia": "Atención Primaria de Salud (APS)"
      },
      "geometry": {
        "type": "Point",
        "coordinates": [
          -70.63909,
          -33.57958
        ]
      }
    },
    {
      "type": "Feature",
      "properties": {
        "id_orig": 2476.0,
        "cod_ant": "13-329",
        "cod_vig": 113329.0,
        "cod_m_ant": null,
        "cod_m_nuev": null,
        "cod_reg": "13",
        "nom_reg": "Metropolitana de Santiago",
        "cod_dep": "13",
        "dependenc": "Servicio de Salud Metropolitano Sur",
        "pertenenci": "Perteneciente al Sistema Nacional de Servicios de Salud",
        "tipo": "Centro de Salud Familiar (CESFAM)",
        "ambito": "Establecimiento de Salud",
        "nombre": "Centro de Salud Familiar Canciller Orlando Letelier",
        "certifi": "Centro de Salud Familiar",
        "dep_adm": "Municipal",
        "nivel": "Primer Nivel",
        "cod_com": "13105",
        "nom_com": "El Bosque",
        "via": "Calle",
        "numero": "890",
        "direccion": "Lo Moreno",
        "fono": "800500454",
        "f_inicio": null,
        "urgencia": "NO",
        "tipo_urge": "No Aplica",
        "clas_sapu": "No Aplica",
        "latitud": -33.57804,
        "longitud": -70.67785,
        "prestador": "Público",
        "estado": "Vigente en Operación Habitual",
        "complejida": "Baja Complejidad",
        "tipo_aten": "Atención Abierta-Ambulatoria",
        "cut_comuna": "13105",
        "cut_region": "13",
        "cut_provin": "131",
        "nom_region": "Metropolitana de Santiago",
        "nom_provin": "Santiago",
        "nom_comuna": "El Bosque",
        "ir_google": "https://www.google.cl/maps/dir//-33.57804,-70.67785",
        "simbologia": "Atención Primaria de Salud (APS)"
      },
      "geometry": {
        "type": "Point",
        "coordinates": [
          -70.67785,
          -33.57804
        ]
      }
    },
    {
      "type": "Feature",
      "properties": {
        "id_orig": 2481.0,
        "cod_ant": "14-309",
        "cod_vig": 114309.0,
        "cod_m_ant": null,
        "cod_m_nuev": null,
        "cod_reg": "13",
        "nom_reg": "Metropolitana de Santiago",
        "cod_dep": "14",
        "dependenc": "Servicio de Salud Metropolitano Sur Oriente",
        "pertenenci": "Perteneciente al Sistema Nacional de Servicios de Salud",
        "tipo": "Centro de Salud Familiar (CESFAM)",
        "ambito": "Establecimiento de Salud",
        "nombre": "Centro de Salud Familiar Pablo de Rokha",
        "certifi": "Centro de Salud Familiar",
        "dep_adm": "Municipal",
        "nivel": "Primer Nivel",
        "cod_com": "13112",
        "nom_com": "La Pintana",
        "via": "Calle",
        "numero": "12221",
        "direccion": "Pedro Prado",
        "fono": "225453393",
        "f_inicio": "27359",
        "urgencia": "NO",
        "tipo_urge": "No Aplica",
        "clas_sapu": "No Aplica",
        "latitud": -33.57662,
        "longitud": -70.64964,
        "prestador": "Público",
        "estado": "Vigente en Operación Habitual",
        "complejida": "Baja Complejidad",
        "tipo_aten": "Atención Abierta-Ambulatoria",
        "cut_comuna": "13112",
        "cut_region": "13",
        "cut_provin": "131",
        "nom_region": "Metropolitana de Santiago",
        "nom_provin": "Santiago",
        "nom_comuna": "La Pintana",
        "ir_google": "https://www.google.cl/maps/dir//-33.57662,-70.64964",
        "simbologia": "Atención Primaria de Salud (APS)"
      },
      "geometry": {
        "type": "Point",
        "coordinates": [
          -70.64964,
          -33.57662
        ]
      }
    },
    {
      "type": "Feature",
      "properties": {
        "id_orig": 2483.0,
        "cod_ant": "13-316",
        "cod_vig": 113316.0,
        "cod_m_ant": null,
        "cod_m_nuev": null,
        "cod_reg": "13",
        "nom_reg": "Metropolitana de Santiago",
        "cod_dep": "13",
        "dependenc": "Servicio de Salud Metropolitano Sur",
        "pertenenci": "Perteneciente al Sistema Nacional de Servicios de Salud",
        "tipo": "Centro de Salud Familiar (CESFAM)",
        "ambito": "Establecimiento de Salud",
        "nombre": "Centro de Salud Familiar Carol Urzúa",
        "certifi": "Centro de Salud Familiar",
        "dep_adm": "Municipal",
        "nivel": "Primer Nivel",
        "cod_com": "13401",
        "nom_com": "San Bernardo",
        "via": "Calle",
        "numero": "958",
        "direccion": "Loncomilla",
        "fono": "225761251",
        "f_inicio": null,
        "urgencia": "NO",
        "tipo_urge": "No Aplica",
        "clas_sapu": "No Aplica",
        "latitud": -33.57581,
        "longitud": -70.70361,
        "prestador": "Público",
        "estado": "Vigente en Operación Habitual",
        "complejida": "Baja Complejidad",
        "tipo_aten": "Atención Abierta-Ambulatoria",
        "cut_comuna": "13401",
        "cut_region": "13",
        "cut_provin": "134",
        "nom_region": "Metropolitana de Santiago",
        "nom_provin": "Maipo",
        "nom_comuna": "San Bernardo",
        "ir_google": "https://www.google.cl/maps/dir//-33.57581,-70.70361",
        "simbologia": "Atención Primaria de Salud (APS)"
      },
      "geometry": {
        "type": "Point",
        "coordinates": [
          -70.70361,
          -33.57581
        ]
      }
    },
    {
      "type": "Feature",
      "properties": {
        "id_orig": 2487.0,
        "cod_ant": "13-324",
        "cod_vig": 113324.0,
        "cod_m_ant": null,
        "cod_m_nuev": null,
        "cod_reg": "13",
        "nom_reg": "Metropolitana de Santiago",
        "cod_dep": "13",
        "dependenc": "Servicio de Salud Metropolitano Sur",
        "pertenenci": "Perteneciente al Sistema Nacional de Servicios de Salud",
        "tipo": "Centro de Salud Familiar (CESFAM)",
        "ambito": "Establecimiento de Salud",
        "nombre": "Centro de Salud Familiar Dra. Haydeé López Casoou",
        "certifi": "Centro de Salud Familiar",
        "dep_adm": "Municipal",
        "nivel": "Primer Nivel",
        "cod_com": "13105",
        "nom_com": "El Bosque",
        "via": "Calle",
        "numero": "862",
        "direccion": "Lo Martínez",
        "fono": "225761451",
        "f_inicio": null,
        "urgencia": "NO",
        "tipo_urge": "No Aplica",
        "clas_sapu": "No Aplica",
        "latitud": -33.57010603,
        "longitud": -70.66706145,
        "prestador": "Público",
        "estado": "Vigente en Operación Habitual",
        "complejida": "Baja Complejidad",
        "tipo_aten": "Atención Abierta-Ambulatoria",
        "cut_comuna": "13105",
        "cut_region": "13",
        "cut_provin": "131",
        "nom_region": "Metropolitana de Santiago",
        "nom_provin": "Santiago",
        "nom_comuna": "El Bosque",
        "ir_google": "https://www.google.cl/maps/dir//-33.57010603,-70.66706145",
        "simbologia": "Atención Primaria de Salud (APS)"
      },
      "geometry": {
        "type": "Point",
        "coordinates": [
          -70.66706144999995,
          -33.57010602999998
        ]
      }
    },
    {
      "type": "Feature",
      "properties": {
        "id_orig": 2489.0,
        "cod_ant": "10-366",
        "cod_vig": 110366.0,
        "cod_m_ant": null,
        "cod_m_nuev": null,
        "cod_reg": "13",
        "nom_reg": "Metropolitana de Santiago",
        "cod_dep": "10",
        "dependenc": "Servicio de Salud Metropolitano Occidente",
        "pertenenci": "Perteneciente al Sistema Nacional de Servicios de Salud",
        "tipo": "Centro de Salud Familiar (CESFAM)",
        "ambito": "Establecimiento de Salud",
        "nombre": "Centro de Salud Familiar Juan Pablo II ( Padre Hurtado)",
        "certifi": "Centro de Salud Familiar",
        "dep_adm": "Municipal",
        "nivel": "Primer Nivel",
        "cod_com": "13604",
        "nom_com": "Padre Hurtado",
        "via": "Calle",
        "numero": "1657",
        "direccion": "Primera Transversal",
        "fono": "225746300",
        "f_inicio": null,
        "urgencia": "NO",
        "tipo_urge": "No Aplica",
        "clas_sapu": "No Aplica",
        "latitud": -33.56978,
        "longitud": -70.80515,
        "prestador": "Público",
        "estado": "Vigente en Operación Habitual",
        "complejida": "Baja Complejidad",
        "tipo_aten": "Atención Abierta-Ambulatoria",
        "cut_comuna": "13604",
        "cut_region": "13",
        "cut_provin": "136",
        "nom_region": "Metropolitana de Santiago",
        "nom_provin": "Talagante",
        "nom_comuna": "Padre Hurtado",
        "ir_google": "https://www.google.cl/maps/dir//-33.56978,-70.80515",
        "simbologia": "Atención Primaria de Salud (APS)"
      },
      "geometry": {
        "type": "Point",
        "coordinates": [
          -70.80515,
          -33.56978
        ]
      }
    },
    {
      "type": "Feature",
      "properties": {
        "id_orig": 2499.0,
        "cod_ant": "14-319",
        "cod_vig": 114319.0,
        "cod_m_ant": null,
        "cod_m_nuev": null,
        "cod_reg": "13",
        "nom_reg": "Metropolitana de Santiago",
        "cod_dep": "14",
        "dependenc": "Servicio de Salud Metropolitano Sur Oriente",
        "pertenenci": "Perteneciente al Sistema Nacional de Servicios de Salud",
        "tipo": "Centro de Salud Familiar (CESFAM)",
        "ambito": "Establecimiento de Salud",
        "nombre": "Centro de Salud Familiar El Roble",
        "certifi": "Centro de Salud Familiar",
        "dep_adm": "Municipal",
        "nivel": "Primer Nivel",
        "cod_com": "13112",
        "nom_com": "La Pintana",
        "via": "Avenida",
        "numero": "1777",
        "direccion": "Observatorio",
        "fono": "225433488",
        "f_inicio": null,
        "urgencia": "NO",
        "tipo_urge": "No Aplica",
        "clas_sapu": "No Aplica",
        "latitud": -33.56387,
        "longitud": -70.64754,
        "prestador": "Público",
        "estado": "Vigente en Operación Habitual",
        "complejida": "Baja Complejidad",
        "tipo_aten": "Atención Abierta-Ambulatoria",
        "cut_comuna": "13112",
        "cut_region": "13",
        "cut_provin": "131",
        "nom_region": "Metropolitana de Santiago",
        "nom_provin": "Santiago",
        "nom_comuna": "La Pintana",
        "ir_google": "https://www.google.cl/maps/dir//-33.56387,-70.64754",
        "simbologia": "Atención Primaria de Salud (APS)"
      },
      "geometry": {
        "type": "Point",
        "coordinates": [
          -70.64754,
          -33.56387
        ]
      }
    },
    {
      "type": "Feature",
      "properties": {
        "id_orig": 2504.0,
        "cod_ant": "13-314",
        "cod_vig": 113314.0,
        "cod_m_ant": null,
        "cod_m_nuev": null,
        "cod_reg": "13",
        "nom_reg": "Metropolitana de Santiago",
        "cod_dep": "13",
        "dependenc": "Servicio de Salud Metropolitano Sur",
        "pertenenci": "Perteneciente al Sistema Nacional de Servicios de Salud",
        "tipo": "Centro de Salud Familiar (CESFAM)",
        "ambito": "Establecimiento de Salud",
        "nombre": "Centro de Salud Familiar Cóndores de Chile",
        "certifi": "Centro de Salud Familiar",
        "dep_adm": "Municipal",
        "nivel": "Primer Nivel",
        "cod_com": "13105",
        "nom_com": "El Bosque",
        "via": "Calle",
        "numero": "555",
        "direccion": "Agusto D`Almar",
        "fono": "800500452",
        "f_inicio": null,
        "urgencia": "NO",
        "tipo_urge": "No Aplica",
        "clas_sapu": "No Aplica",
        "latitud": -33.56136,
        "longitud": -70.67469,
        "prestador": "Público",
        "estado": "Vigente en Operación Habitual",
        "complejida": "Baja Complejidad",
        "tipo_aten": "Atención Abierta-Ambulatoria",
        "cut_comuna": "13105",
        "cut_region": "13",
        "cut_provin": "131",
        "nom_region": "Metropolitana de Santiago",
        "nom_provin": "Santiago",
        "nom_comuna": "El Bosque",
        "ir_google": "https://www.google.cl/maps/dir//-33.56136,-70.67469",
        "simbologia": "Atención Primaria de Salud (APS)"
      },
      "geometry": {
        "type": "Point",
        "coordinates": [
          -70.67469,
          -33.56136
        ]
      }
    },
    {
      "type": "Feature",
      "properties": {
        "id_orig": 2507.0,
        "cod_ant": "14-316",
        "cod_vig": 114316.0,
        "cod_m_ant": null,
        "cod_m_nuev": null,
        "cod_reg": "13",
        "nom_reg": "Metropolitana de Santiago",
        "cod_dep": "14",
        "dependenc": "Servicio de Salud Metropolitano Sur Oriente",
        "pertenenci": "Perteneciente al Sistema Nacional de Servicios de Salud",
        "tipo": "Centro de Salud Familiar (CESFAM)",
        "ambito": "Establecimiento de Salud",
        "nombre": "Centro de Salud Familiar Dr. Fernando Maffioletti",
        "certifi": "Centro de Salud Familiar",
        "dep_adm": "Municipal",
        "nivel": "Primer Nivel",
        "cod_com": "13110",
        "nom_com": "La Florida",
        "via": "Avenida",
        "numero": "301",
        "direccion": "Central",
        "fono": "225760350",
        "f_inicio": null,
        "urgencia": "NO",
        "tipo_urge": "No Aplica",
        "clas_sapu": "No Aplica",
        "latitud": -33.5602,
        "longitud": -70.57852,
        "prestador": "Público",
        "estado": "Vigente en Operación Habitual",
        "complejida": "Baja Complejidad",
        "tipo_aten": "Atención Abierta-Ambulatoria",
        "cut_comuna": "13110",
        "cut_region": "13",
        "cut_provin": "131",
        "nom_region": "Metropolitana de Santiago",
        "nom_provin": "Santiago",
        "nom_comuna": "La Florida",
        "ir_google": "https://www.google.cl/maps/dir//-33.5602,-70.57852",
        "simbologia": "Atención Primaria de Salud (APS)"
      },
      "geometry": {
        "type": "Point",
        "coordinates": [
          -70.57852,
          -33.5602
        ]
      }
    },
    {
      "type": "Feature",
      "properties": {
        "id_orig": 2508.0,
        "cod_ant": "14-305",
        "cod_vig": 114305.0,
        "cod_m_ant": null,
        "cod_m_nuev": null,
        "cod_reg": "13",
        "nom_reg": "Metropolitana de Santiago",
        "cod_dep": "14",
        "dependenc": "Servicio de Salud Metropolitano Sur Oriente",
        "pertenenci": "Perteneciente al Sistema Nacional de Servicios de Salud",
        "tipo": "Centro de Salud Familiar (CESFAM)",
        "ambito": "Establecimiento de Salud",
        "nombre": "Centro de Salud Familiar Los Quillayes",
        "certifi": "Centro de Salud Familiar",
        "dep_adm": "Municipal",
        "nivel": "Primer Nivel",
        "cod_com": "13110",
        "nom_com": "La Florida",
        "via": "Calle",
        "numero": "10905",
        "direccion": "Julio César",
        "fono": "222819698",
        "f_inicio": null,
        "urgencia": "NO",
        "tipo_urge": "No Aplica",
        "clas_sapu": "No Aplica",
        "latitud": -33.56018,
        "longitud": -70.60598,
        "prestador": "Público",
        "estado": "Vigente en Operación Habitual",
        "complejida": "Baja Complejidad",
        "tipo_aten": "Atención Abierta-Ambulatoria",
        "cut_comuna": "13110",
        "cut_region": "13",
        "cut_provin": "131",
        "nom_region": "Metropolitana de Santiago",
        "nom_provin": "Santiago",
        "nom_comuna": "La Florida",
        "ir_google": "https://www.google.cl/maps/dir//-33.56018,-70.60598",
        "simbologia": "Atención Primaria de Salud (APS)"
      },
      "geometry": {
        "type": "Point",
        "coordinates": [
          -70.60598,
          -33.56018
        ]
      }
    },
    {
      "type": "Feature",
      "properties": {
        "id_orig": 2512.0,
        "cod_ant": "14-334",
        "cod_vig": 114334.0,
        "cod_m_ant": null,
        "cod_m_nuev": null,
        "cod_reg": "13",
        "nom_reg": "Metropolitana de Santiago",
        "cod_dep": "14",
        "dependenc": "Servicio de Salud Metropolitano Sur Oriente",
        "pertenenci": "Perteneciente al Sistema Nacional de Servicios de Salud",
        "tipo": "Centro de Salud Familiar (CESFAM)",
        "ambito": "Establecimiento de Salud",
        "nombre": "Centro de Salud Familiar José Alvo",
        "certifi": "Centro de Salud Familiar",
        "dep_adm": "Municipal",
        "nivel": "Primer Nivel",
        "cod_com": "13110",
        "nom_com": "La Florida",
        "via": "Avenida",
        "numero": "10817",
        "direccion": "Bacteriológico",
        "fono": "223783279",
        "f_inicio": null,
        "urgencia": "NO",
        "tipo_urge": "No Aplica",
        "clas_sapu": "No Aplica",
        "latitud": -33.55718,
        "longitud": -70.58201,
        "prestador": "Público",
        "estado": "Vigente en Operación Habitual",
        "complejida": "Baja Complejidad",
        "tipo_aten": "Atención Abierta-Ambulatoria",
        "cut_comuna": "13110",
        "cut_region": "13",
        "cut_provin": "131",
        "nom_region": "Metropolitana de Santiago",
        "nom_provin": "Santiago",
        "nom_comuna": "La Florida",
        "ir_google": "https://www.google.cl/maps/dir//-33.55718,-70.58201",
        "simbologia": "Atención Primaria de Salud (APS)"
      },
      "geometry": {
        "type": "Point",
        "coordinates": [
          -70.58201,
          -33.55718
        ]
      }
    },
    {
      "type": "Feature",
      "properties": {
        "id_orig": 2514.0,
        "cod_ant": "14-317",
        "cod_vig": 114317.0,
        "cod_m_ant": null,
        "cod_m_nuev": null,
        "cod_reg": "13",
        "nom_reg": "Metropolitana de Santiago",
        "cod_dep": "14",
        "dependenc": "Servicio de Salud Metropolitano Sur Oriente",
        "pertenenci": "Perteneciente al Sistema Nacional de Servicios de Salud",
        "tipo": "Centro de Salud Familiar (CESFAM)",
        "ambito": "Establecimiento de Salud",
        "nombre": "Centro de Salud Familiar Santo Tomás",
        "certifi": "Centro de Salud Familiar",
        "dep_adm": "Municipal",
        "nivel": "Primer Nivel",
        "cod_com": "13112",
        "nom_com": "La Pintana",
        "via": "Calle",
        "numero": "987",
        "direccion": "Santo Tomás",
        "fono": "225417292",
        "f_inicio": "33857",
        "urgencia": "NO",
        "tipo_urge": "No Aplica",
        "clas_sapu": "No Aplica",
        "latitud": -33.55697,
        "longitud": -70.61654,
        "prestador": "Público",
        "estado": "Vigente en Operación Habitual",
        "complejida": "Baja Complejidad",
        "tipo_aten": "Atención Abierta-Ambulatoria",
        "cut_comuna": "13112",
        "cut_region": "13",
        "cut_provin": "131",
        "nom_region": "Metropolitana de Santiago",
        "nom_provin": "Santiago",
        "nom_comuna": "La Pintana",
        "ir_google": "https://www.google.cl/maps/dir//-33.55697,-70.61654",
        "simbologia": "Atención Primaria de Salud (APS)"
      },
      "geometry": {
        "type": "Point",
        "coordinates": [
          -70.61654,
          -33.55697
        ]
      }
    },
    {
      "type": "Feature",
      "properties": {
        "id_orig": 2517.0,
        "cod_ant": "13-312",
        "cod_vig": 113312.0,
        "cod_m_ant": null,
        "cod_m_nuev": null,
        "cod_reg": "13",
        "nom_reg": "Metropolitana de Santiago",
        "cod_dep": "13",
        "dependenc": "Servicio de Salud Metropolitano Sur",
        "pertenenci": "Perteneciente al Sistema Nacional de Servicios de Salud",
        "tipo": "Centro de Salud Familiar (CESFAM)",
        "ambito": "Establecimiento de Salud",
        "nombre": "Centro de Salud Familiar Dr. Carlos Lorca Tobar",
        "certifi": "Centro de Salud Familiar",
        "dep_adm": "Municipal",
        "nivel": "Primer Nivel",
        "cod_com": "13105",
        "nom_com": "El Bosque",
        "via": "Calle",
        "numero": "11028",
        "direccion": "Claudina Parra",
        "fono": "225470523",
        "f_inicio": null,
        "urgencia": "NO",
        "tipo_urge": "No Aplica",
        "clas_sapu": "No Aplica",
        "latitud": -33.55415,
        "longitud": -70.66697,
        "prestador": "Público",
        "estado": "Vigente en Operación Habitual",
        "complejida": "Baja Complejidad",
        "tipo_aten": "Atención Abierta-Ambulatoria",
        "cut_comuna": "13105",
        "cut_region": "13",
        "cut_provin": "131",
        "nom_region": "Metropolitana de Santiago",
        "nom_provin": "Santiago",
        "nom_comuna": "El Bosque",
        "ir_google": "https://www.google.cl/maps/dir//-33.55415,-70.66697",
        "simbologia": "Atención Primaria de Salud (APS)"
      },
      "geometry": {
        "type": "Point",
        "coordinates": [
          -70.66697,
          -33.55415
        ]
      }
    },
    {
      "type": "Feature",
      "properties": {
        "id_orig": 2520.0,
        "cod_ant": "13-317",
        "cod_vig": 113317.0,
        "cod_m_ant": null,
        "cod_m_nuev": null,
        "cod_reg": "13",
        "nom_reg": "Metropolitana de Santiago",
        "cod_dep": "13",
        "dependenc": "Servicio de Salud Metropolitano Sur",
        "pertenenci": "Perteneciente al Sistema Nacional de Servicios de Salud",
        "tipo": "Centro de Salud Familiar (CESFAM)",
        "ambito": "Establecimiento de Salud",
        "nombre": "Centro de Salud Familiar Santa Laura",
        "certifi": "Centro de Salud Familiar",
        "dep_adm": "Municipal",
        "nivel": "Primer Nivel",
        "cod_com": "13105",
        "nom_com": "El Bosque",
        "via": "Calle",
        "numero": "10460",
        "direccion": "Indio Gerónimo",
        "fono": "800500453",
        "f_inicio": null,
        "urgencia": "NO",
        "tipo_urge": "No Aplica",
        "clas_sapu": "No Aplica",
        "latitud": -33.55249,
        "longitud": -70.68881,
        "prestador": "Público",
        "estado": "Vigente en Operación Habitual",
        "complejida": "Baja Complejidad",
        "tipo_aten": "Atención Abierta-Ambulatoria",
        "cut_comuna": "13105",
        "cut_region": "13",
        "cut_provin": "131",
        "nom_region": "Metropolitana de Santiago",
        "nom_provin": "Santiago",
        "nom_comuna": "El Bosque",
        "ir_google": "https://www.google.cl/maps/dir//-33.55249,-70.68881",
        "simbologia": "Atención Primaria de Salud (APS)"
      },
      "geometry": {
        "type": "Point",
        "coordinates": [
          -70.68881,
          -33.55249
        ]
      }
    },
    {
      "type": "Feature",
      "properties": {
        "id_orig": 2521.0,
        "cod_ant": "14-325",
        "cod_vig": 114325.0,
        "cod_m_ant": null,
        "cod_m_nuev": null,
        "cod_reg": "13",
        "nom_reg": "Metropolitana de Santiago",
        "cod_dep": "14",
        "dependenc": "Servicio de Salud Metropolitano Sur Oriente",
        "pertenenci": "Perteneciente al Sistema Nacional de Servicios de Salud",
        "tipo": "Centro de Salud Familiar (CESFAM)",
        "ambito": "Establecimiento de Salud",
        "nombre": "Centro de Salud Familiar Granja Sur",
        "certifi": "Centro de Salud Familiar",
        "dep_adm": "Municipal",
        "nivel": "Primer Nivel",
        "cod_com": "13111",
        "nom_com": "La Granja",
        "via": "Avenida",
        "numero": "10009",
        "direccion": "Sofía Eastman",
        "fono": "225412443",
        "f_inicio": "38363",
        "urgencia": "NO",
        "tipo_urge": "No Aplica",
        "clas_sapu": "No Aplica",
        "latitud": -33.55182,
        "longitud": -70.62955,
        "prestador": "Público",
        "estado": "Vigente en Operación Habitual",
        "complejida": "Baja Complejidad",
        "tipo_aten": "Atención Abierta-Ambulatoria",
        "cut_comuna": "13111",
        "cut_region": "13",
        "cut_provin": "131",
        "nom_region": "Metropolitana de Santiago",
        "nom_provin": "Santiago",
        "nom_comuna": "La Granja",
        "ir_google": "https://www.google.cl/maps/dir//-33.55182,-70.62955",
        "simbologia": "Atención Primaria de Salud (APS)"
      },
      "geometry": {
        "type": "Point",
        "coordinates": [
          -70.62955,
          -33.55182
        ]
      }
    },
    {
      "type": "Feature",
      "properties": {
        "id_orig": 2524.0,
        "cod_ant": "14-328",
        "cod_vig": 114328.0,
        "cod_m_ant": null,
        "cod_m_nuev": null,
        "cod_reg": "13",
        "nom_reg": "Metropolitana de Santiago",
        "cod_dep": "14",
        "dependenc": "Servicio de Salud Metropolitano Sur Oriente",
        "pertenenci": "Perteneciente al Sistema Nacional de Servicios de Salud",
        "tipo": "Centro de Salud Familiar (CESFAM)",
        "ambito": "Establecimiento de Salud",
        "nombre": "Centro de Salud Familiar Poetisa Gabriela Mistral",
        "certifi": "Centro de Salud Familiar",
        "dep_adm": "Municipal",
        "nivel": "Primer Nivel",
        "cod_com": "13131",
        "nom_com": "San Ramón",
        "via": "Calle",
        "numero": "9872",
        "direccion": "Aurora de Chile",
        "fono": "225765551",
        "f_inicio": "39084",
        "urgencia": "NO",
        "tipo_urge": "No Aplica",
        "clas_sapu": "No Aplica",
        "latitud": -33.55161,
        "longitud": -70.64073,
        "prestador": "Público",
        "estado": "Vigente en Operación Habitual",
        "complejida": "Baja Complejidad",
        "tipo_aten": "Atención Abierta-Ambulatoria",
        "cut_comuna": "13131",
        "cut_region": "13",
        "cut_provin": "131",
        "nom_region": "Metropolitana de Santiago",
        "nom_provin": "Santiago",
        "nom_comuna": "San Ramón",
        "ir_google": "https://www.google.cl/maps/dir//-33.55161,-70.64073",
        "simbologia": "Atención Primaria de Salud (APS)"
      },
      "geometry": {
        "type": "Point",
        "coordinates": [
          -70.64073,
          -33.55161
        ]
      }
    },
    {
      "type": "Feature",
      "properties": {
        "id_orig": 2528.0,
        "cod_ant": "14-330",
        "cod_vig": 114330.0,
        "cod_m_ant": null,
        "cod_m_nuev": null,
        "cod_reg": "13",
        "nom_reg": "Metropolitana de Santiago",
        "cod_dep": "14",
        "dependenc": "Servicio de Salud Metropolitano Sur Oriente",
        "pertenenci": "Perteneciente al Sistema Nacional de Servicios de Salud",
        "tipo": "Centro de Salud Familiar (CESFAM)",
        "ambito": "Establecimiento de Salud",
        "nombre": "Centro de Salud Familiar Trinidad",
        "certifi": "Centro de Salud Familiar",
        "dep_adm": "Municipal",
        "nivel": "Primer Nivel",
        "cod_com": "13110",
        "nom_com": "La Florida",
        "via": "Calle",
        "numero": "10021",
        "direccion": "Uno",
        "fono": "222910291",
        "f_inicio": null,
        "urgencia": "NO",
        "tipo_urge": "No Aplica",
        "clas_sapu": "No Aplica",
        "latitud": -33.54721,
        "longitud": -70.60862,
        "prestador": "Público",
        "estado": "Vigente en Operación Habitual",
        "complejida": "Baja Complejidad",
        "tipo_aten": "Atención Abierta-Ambulatoria",
        "cut_comuna": "13110",
        "cut_region": "13",
        "cut_provin": "131",
        "nom_region": "Metropolitana de Santiago",
        "nom_provin": "Santiago",
        "nom_comuna": "La Florida",
        "ir_google": "https://www.google.cl/maps/dir//-33.54721,-70.60862",
        "simbologia": "Atención Primaria de Salud (APS)"
      },
      "geometry": {
        "type": "Point",
        "coordinates": [
          -70.60862,
          -33.54721
        ]
      }
    },
    {
      "type": "Feature",
      "properties": {
        "id_orig": 2536.0,
        "cod_ant": "14-307",
        "cod_vig": 114307.0,
        "cod_m_ant": null,
        "cod_m_nuev": null,
        "cod_reg": "13",
        "nom_reg": "Metropolitana de Santiago",
        "cod_dep": "14",
        "dependenc": "Servicio de Salud Metropolitano Sur Oriente",
        "pertenenci": "Perteneciente al Sistema Nacional de Servicios de Salud",
        "tipo": "Centro de Salud Familiar (CESFAM)",
        "ambito": "Establecimiento de Salud",
        "nombre": "Centro de Salud Familiar La Bandera",
        "certifi": "Centro de Salud Familiar",
        "dep_adm": "Municipal",
        "nivel": "Primer Nivel",
        "cod_com": "13131",
        "nom_com": "San Ramón",
        "via": "Calle",
        "numero": "1758",
        "direccion": "Vicuña Mackenna",
        "fono": "225592932",
        "f_inicio": "26396",
        "urgencia": "NO",
        "tipo_urge": "No Aplica",
        "clas_sapu": "No Aplica",
        "latitud": -33.54543,
        "longitud": -70.64482,
        "prestador": "Público",
        "estado": "Vigente en Operación Habitual",
        "complejida": "Baja Complejidad",
        "tipo_aten": "Atención Abierta-Ambulatoria",
        "cut_comuna": "13131",
        "cut_region": "13",
        "cut_provin": "131",
        "nom_region": "Metropolitana de Santiago",
        "nom_provin": "Santiago",
        "nom_comuna": "San Ramón",
        "ir_google": "https://www.google.cl/maps/dir//-33.54543,-70.64482",
        "simbologia": "Atención Primaria de Salud (APS)"
      },
      "geometry": {
        "type": "Point",
        "coordinates": [
          -70.64482,
          -33.54543
        ]
      }
    },
    {
      "type": "Feature",
      "properties": {
        "id_orig": 2537.0,
        "cod_ant": "14-324",
        "cod_vig": 114324.0,
        "cod_m_ant": null,
        "cod_m_nuev": null,
        "cod_reg": "13",
        "nom_reg": "Metropolitana de Santiago",
        "cod_dep": "14",
        "dependenc": "Servicio de Salud Metropolitano Sur Oriente",
        "pertenenci": "Perteneciente al Sistema Nacional de Servicios de Salud",
        "tipo": "Centro de Salud Familiar (CESFAM)",
        "ambito": "Establecimiento de Salud",
        "nombre": "Centro de Salud Familiar Santa Amalia",
        "certifi": "Centro de Salud Familiar",
        "dep_adm": "Municipal",
        "nivel": "Primer Nivel",
        "cod_com": "13110",
        "nom_com": "La Florida",
        "via": "Calle",
        "numero": "202",
        "direccion": "Santa Amalia",
        "fono": "222816900",
        "f_inicio": null,
        "urgencia": "NO",
        "tipo_urge": "No Aplica",
        "clas_sapu": "No Aplica",
        "latitud": -33.54375,
        "longitud": -70.59283,
        "prestador": "Público",
        "estado": "Vigente en Operación Habitual",
        "complejida": "Baja Complejidad",
        "tipo_aten": "Atención Abierta-Ambulatoria",
        "cut_comuna": "13110",
        "cut_region": "13",
        "cut_provin": "131",
        "nom_region": "Metropolitana de Santiago",
        "nom_provin": "Santiago",
        "nom_comuna": "La Florida",
        "ir_google": "https://www.google.cl/maps/dir//-33.54375,-70.59283",
        "simbologia": "Atención Primaria de Salud (APS)"
      },
      "geometry": {
        "type": "Point",
        "coordinates": [
          -70.59283,
          -33.54375
        ]
      }
    },
    {
      "type": "Feature",
      "properties": {
        "id_orig": 2541.0,
        "cod_ant": "13-326",
        "cod_vig": 113326.0,
        "cod_m_ant": null,
        "cod_m_nuev": null,
        "cod_reg": "13",
        "nom_reg": "Metropolitana de Santiago",
        "cod_dep": "13",
        "dependenc": "Servicio de Salud Metropolitano Sur",
        "pertenenci": "Perteneciente al Sistema Nacional de Servicios de Salud",
        "tipo": "Centro de Salud Familiar (CESFAM)",
        "ambito": "Establecimiento de Salud",
        "nombre": "Centro de Salud Familiar Eduardo Frei Montalva",
        "certifi": "Centro de Salud Familiar",
        "dep_adm": "Municipal",
        "nivel": "Primer Nivel",
        "cod_com": "13109",
        "nom_com": "La Cisterna",
        "via": "Calle",
        "numero": "375",
        "direccion": "Bombero Encalada",
        "fono": "225760900",
        "f_inicio": null,
        "urgencia": "NO",
        "tipo_urge": "No Aplica",
        "clas_sapu": "No Aplica",
        "latitud": -33.5364187,
        "longitud": -70.6605989,
        "prestador": "Público",
        "estado": "Vigente en Operación Habitual",
        "complejida": "Baja Complejidad",
        "tipo_aten": "Atención Abierta-Ambulatoria",
        "cut_comuna": "13109",
        "cut_region": "13",
        "cut_provin": "131",
        "nom_region": "Metropolitana de Santiago",
        "nom_provin": "Santiago",
        "nom_comuna": "La Cisterna",
        "ir_google": "https://www.google.cl/maps/dir//-33.5364187,-70.6605989",
        "simbologia": "Atención Primaria de Salud (APS)"
      },
      "geometry": {
        "type": "Point",
        "coordinates": [
          -70.66059889999997,
          -33.536418699999956
        ]
      }
    },
    {
      "type": "Feature",
      "properties": {
        "id_orig": 2546.0,
        "cod_ant": "14-314",
        "cod_vig": 114314.0,
        "cod_m_ant": null,
        "cod_m_nuev": null,
        "cod_reg": "13",
        "nom_reg": "Metropolitana de Santiago",
        "cod_dep": "14",
        "dependenc": "Servicio de Salud Metropolitano Sur Oriente",
        "pertenenci": "Perteneciente al Sistema Nacional de Servicios de Salud",
        "tipo": "Centro de Salud Familiar (CESFAM)",
        "ambito": "Establecimiento de Salud",
        "nombre": "Centro de Salud Familiar Dr. Salvador Allende (Ex Consultorio San Ramón)",
        "certifi": "Centro de Salud Familiar",
        "dep_adm": "Municipal",
        "nivel": "Primer Nivel",
        "cod_com": "13131",
        "nom_com": "San Ramón",
        "via": "Calle",
        "numero": "8097",
        "direccion": "Los Claveles",
        "fono": "225464191",
        "f_inicio": "32510",
        "urgencia": "NO",
        "tipo_urge": "No Aplica",
        "clas_sapu": "No Aplica",
        "latitud": -33.532855,
        "longitud": -70.642517,
        "prestador": "Público",
        "estado": "Vigente en Operación Habitual",
        "complejida": "Baja Complejidad",
        "tipo_aten": "Atención Abierta-Ambulatoria",
        "cut_comuna": "13131",
        "cut_region": "13",
        "cut_provin": "131",
        "nom_region": "Metropolitana de Santiago",
        "nom_provin": "Santiago",
        "nom_comuna": "San Ramón",
        "ir_google": "https://www.google.cl/maps/dir//-33.532855,-70.642517",
        "simbologia": "Atención Primaria de Salud (APS)"
      },
      "geometry": {
        "type": "Point",
        "coordinates": [
          -70.642517,
          -33.532855
        ]
      }
    },
    {
      "type": "Feature",
      "properties": {
        "id_orig": 2548.0,
        "cod_ant": "14-306",
        "cod_vig": 114306.0,
        "cod_m_ant": null,
        "cod_m_nuev": null,
        "cod_reg": "13",
        "nom_reg": "Metropolitana de Santiago",
        "cod_dep": "14",
        "dependenc": "Servicio de Salud Metropolitano Sur Oriente",
        "pertenenci": "Perteneciente al Sistema Nacional de Servicios de Salud",
        "tipo": "Centro de Salud Familiar (CESFAM)",
        "ambito": "Establecimiento de Salud",
        "nombre": "Centro de Salud Familiar La Granja",
        "certifi": "Centro de Salud Familiar",
        "dep_adm": "Municipal",
        "nivel": "Primer Nivel",
        "cod_com": "13111",
        "nom_com": "La Granja",
        "via": "Avenida",
        "numero": "28",
        "direccion": "San Gregorio",
        "fono": "225760250",
        "f_inicio": "30773",
        "urgencia": "NO",
        "tipo_urge": "No Aplica",
        "clas_sapu": "No Aplica",
        "latitud": -33.537,
        "longitud": -70.63367,
        "prestador": "Público",
        "estado": "Vigente en Operación Habitual",
        "complejida": "Baja Complejidad",
        "tipo_aten": "Atención Abierta-Ambulatoria",
        "cut_comuna": "13111",
        "cut_region": "13",
        "cut_provin": "131",
        "nom_region": "Metropolitana de Santiago",
        "nom_provin": "Santiago",
        "nom_comuna": "La Granja",
        "ir_google": "https://www.google.cl/maps/dir//-33.537,-70.63367",
        "simbologia": "Atención Primaria de Salud (APS)"
      },
      "geometry": {
        "type": "Point",
        "coordinates": [
          -70.63367,
          -33.537
        ]
      }
    },
    {
      "type": "Feature",
      "properties": {
        "id_orig": 2553.0,
        "cod_ant": "13-396",
        "cod_vig": 113396.0,
        "cod_m_ant": null,
        "cod_m_nuev": null,
        "cod_reg": "13",
        "nom_reg": "Metropolitana de Santiago",
        "cod_dep": "13",
        "dependenc": "Servicio de Salud Metropolitano Sur",
        "pertenenci": "Perteneciente al Sistema Nacional de Servicios de Salud",
        "tipo": "Centro de Salud Familiar (CESFAM)",
        "ambito": "Establecimiento de Salud",
        "nombre": "Centro de Salud Familiar Pueblo Lo Espejo",
        "certifi": "Centro de Salud Familiar",
        "dep_adm": "Municipal",
        "nivel": "Primer Nivel",
        "cod_com": "13116",
        "nom_com": "Lo Espejo",
        "via": "Avenida",
        "numero": "2891",
        "direccion": "Lo Espejo",
        "fono": null,
        "f_inicio": null,
        "urgencia": "NO",
        "tipo_urge": "No Aplica",
        "clas_sapu": "No Aplica",
        "latitud": -33.53472,
        "longitud": -70.69643,
        "prestador": "Público",
        "estado": "Vigente en Operación Habitual",
        "complejida": "Baja Complejidad",
        "tipo_aten": "Atención Abierta-Ambulatoria",
        "cut_comuna": "13116",
        "cut_region": "13",
        "cut_provin": "131",
        "nom_region": "Metropolitana de Santiago",
        "nom_provin": "Santiago",
        "nom_comuna": "Lo Espejo",
        "ir_google": "https://www.google.cl/maps/dir//-33.53472,-70.69643",
        "simbologia": "Atención Primaria de Salud (APS)"
      },
      "geometry": {
        "type": "Point",
        "coordinates": [
          -70.69643,
          -33.53472
        ]
      }
    },
    {
      "type": "Feature",
      "properties": {
        "id_orig": 2559.0,
        "cod_ant": "14-304",
        "cod_vig": 114304.0,
        "cod_m_ant": null,
        "cod_m_nuev": null,
        "cod_reg": "13",
        "nom_reg": "Metropolitana de Santiago",
        "cod_dep": "14",
        "dependenc": "Servicio de Salud Metropolitano Sur Oriente",
        "pertenenci": "Perteneciente al Sistema Nacional de Servicios de Salud",
        "tipo": "Centro de Salud Familiar (CESFAM)",
        "ambito": "Establecimiento de Salud",
        "nombre": "Centro de Salud Familiar Villa O'Higgins",
        "certifi": "Centro de Salud Familiar",
        "dep_adm": "Municipal",
        "nivel": "Primer Nivel",
        "cod_com": "13110",
        "nom_com": "La Florida",
        "via": "Calle",
        "numero": "870",
        "direccion": "Santa Julia",
        "fono": "222816402",
        "f_inicio": null,
        "urgencia": "NO",
        "tipo_urge": "No Aplica",
        "clas_sapu": "No Aplica",
        "latitud": -33.53124,
        "longitud": -70.60422,
        "prestador": "Público",
        "estado": "Vigente en Operación Habitual",
        "complejida": "Baja Complejidad",
        "tipo_aten": "Atención Abierta-Ambulatoria",
        "cut_comuna": "13110",
        "cut_region": "13",
        "cut_provin": "131",
        "nom_region": "Metropolitana de Santiago",
        "nom_provin": "Santiago",
        "nom_comuna": "La Florida",
        "ir_google": "https://www.google.cl/maps/dir//-33.53124,-70.60422",
        "simbologia": "Atención Primaria de Salud (APS)"
      },
      "geometry": {
        "type": "Point",
        "coordinates": [
          -70.60422,
          -33.53124
        ]
      }
    },
    {
      "type": "Feature",
      "properties": {
        "id_orig": 2560.0,
        "cod_ant": "13-311",
        "cod_vig": 113311.0,
        "cod_m_ant": null,
        "cod_m_nuev": null,
        "cod_reg": "13",
        "nom_reg": "Metropolitana de Santiago",
        "cod_dep": "13",
        "dependenc": "Servicio de Salud Metropolitano Sur",
        "pertenenci": "Perteneciente al Sistema Nacional de Servicios de Salud",
        "tipo": "Centro de Salud Familiar (CESFAM)",
        "ambito": "Establecimiento de Salud",
        "nombre": "Centro de Salud Familiar Santa Anselma",
        "certifi": "Centro de Salud Familiar",
        "dep_adm": "Municipal",
        "nivel": "Primer Nivel",
        "cod_com": "13109",
        "nom_com": "La Cisterna",
        "via": "Calle",
        "numero": "8365",
        "direccion": "Fernando de Aragón",
        "fono": "800500457",
        "f_inicio": null,
        "urgencia": "NO",
        "tipo_urge": "No Aplica",
        "clas_sapu": "No Aplica",
        "latitud": -33.52959,
        "longitud": -70.66737,
        "prestador": "Público",
        "estado": "Vigente en Operación Habitual",
        "complejida": "Baja Complejidad",
        "tipo_aten": "Atención Abierta-Ambulatoria",
        "cut_comuna": "13109",
        "cut_region": "13",
        "cut_provin": "131",
        "nom_region": "Metropolitana de Santiago",
        "nom_provin": "Santiago",
        "nom_comuna": "La Cisterna",
        "ir_google": "https://www.google.cl/maps/dir//-33.52959,-70.66737",
        "simbologia": "Atención Primaria de Salud (APS)"
      },
      "geometry": {
        "type": "Point",
        "coordinates": [
          -70.66737,
          -33.52959
        ]
      }
    },
    {
      "type": "Feature",
      "properties": {
        "id_orig": 2561.0,
        "cod_ant": "11-380",
        "cod_vig": 111380.0,
        "cod_m_ant": null,
        "cod_m_nuev": null,
        "cod_reg": "13",
        "nom_reg": "Metropolitana de Santiago",
        "cod_dep": "11",
        "dependenc": "Servicio de Salud Metropolitano Central",
        "pertenenci": "Perteneciente al Sistema Nacional de Servicios de Salud",
        "tipo": "Centro de Salud Familiar (CESFAM)",
        "ambito": "Establecimiento de Salud",
        "nombre": "Centro de Salud Familiar Dr. Carlos Godoy",
        "certifi": "Centro de Salud Familiar",
        "dep_adm": "Municipal",
        "nivel": "Primer Nivel",
        "cod_com": "13119",
        "nom_com": "Maipú",
        "via": "Avenida",
        "numero": "1565",
        "direccion": "El Conquistador",
        "fono": "222562067",
        "f_inicio": null,
        "urgencia": "NO",
        "tipo_urge": "No Aplica",
        "clas_sapu": "No Aplica",
        "latitud": -33.52776,
        "longitud": -70.79639,
        "prestador": "Público",
        "estado": "Vigente en Operación Habitual",
        "complejida": "Baja Complejidad",
        "tipo_aten": "Atención Abierta-Ambulatoria",
        "cut_comuna": "13119",
        "cut_region": "13",
        "cut_provin": "131",
        "nom_region": "Metropolitana de Santiago",
        "nom_provin": "Santiago",
        "nom_comuna": "Maipú",
        "ir_google": "https://www.google.cl/maps/dir//-33.52776,-70.79639",
        "simbologia": "Atención Primaria de Salud (APS)"
      },
      "geometry": {
        "type": "Point",
        "coordinates": [
          -70.79639,
          -33.52776
        ]
      }
    },
    {
      "type": "Feature",
      "properties": {
        "id_orig": 2562.0,
        "cod_ant": "14-315",
        "cod_vig": 114315.0,
        "cod_m_ant": null,
        "cod_m_nuev": null,
        "cod_reg": "13",
        "nom_reg": "Metropolitana de Santiago",
        "cod_dep": "14",
        "dependenc": "Servicio de Salud Metropolitano Sur Oriente",
        "pertenenci": "Perteneciente al Sistema Nacional de Servicios de Salud",
        "tipo": "Centro de Salud Familiar (CESFAM)",
        "ambito": "Establecimiento de Salud",
        "nombre": "Centro de Salud Familiar Malaquías Concha",
        "certifi": "Centro de Salud Familiar",
        "dep_adm": "Municipal",
        "nivel": "Primer Nivel",
        "cod_com": "13111",
        "nom_com": "La Granja",
        "via": "Avenida",
        "numero": "585",
        "direccion": "Linares",
        "fono": "225269103",
        "f_inicio": "34710",
        "urgencia": "NO",
        "tipo_urge": "No Aplica",
        "clas_sapu": "No Aplica",
        "latitud": -33.52746,
        "longitud": -70.6213,
        "prestador": "Público",
        "estado": "Vigente en Operación Habitual",
        "complejida": "Baja Complejidad",
        "tipo_aten": "Atención Abierta-Ambulatoria",
        "cut_comuna": "13111",
        "cut_region": "13",
        "cut_provin": "131",
        "nom_region": "Metropolitana de Santiago",
        "nom_provin": "Santiago",
        "nom_comuna": "La Granja",
        "ir_google": "https://www.google.cl/maps/dir//-33.52746,-70.6213",
        "simbologia": "Atención Primaria de Salud (APS)"
      },
      "geometry": {
        "type": "Point",
        "coordinates": [
          -70.6213,
          -33.52746
        ]
      }
    },
    {
      "type": "Feature",
      "properties": {
        "id_orig": 2564.0,
        "cod_ant": "11-382",
        "cod_vig": 111382.0,
        "cod_m_ant": null,
        "cod_m_nuev": null,
        "cod_reg": "13",
        "nom_reg": "Metropolitana de Santiago",
        "cod_dep": "11",
        "dependenc": "Servicio de Salud Metropolitano Central",
        "pertenenci": "Perteneciente al Sistema Nacional de Servicios de Salud",
        "tipo": "Centro de Salud Familiar (CESFAM)",
        "ambito": "Establecimiento de Salud",
        "nombre": "Centro de Salud Familiar Presidenta Michelle Bachelet",
        "certifi": "Centro de Salud Familiar",
        "dep_adm": "Municipal",
        "nivel": "Primer Nivel",
        "cod_com": "13119",
        "nom_com": "Maipú",
        "via": "Calle",
        "numero": "776",
        "direccion": "Nueva San Martín",
        "fono": "225742750",
        "f_inicio": null,
        "urgencia": "NO",
        "tipo_urge": "No Aplica",
        "clas_sapu": "No Aplica",
        "latitud": -33.5254,
        "longitud": -70.76784,
        "prestador": "Público",
        "estado": "Vigente en Operación Habitual",
        "complejida": "Baja Complejidad",
        "tipo_aten": "Atención Abierta-Ambulatoria",
        "cut_comuna": "13119",
        "cut_region": "13",
        "cut_provin": "131",
        "nom_region": "Metropolitana de Santiago",
        "nom_provin": "Santiago",
        "nom_comuna": "Maipú",
        "ir_google": "https://www.google.cl/maps/dir//-33.5254,-70.76784",
        "simbologia": "Atención Primaria de Salud (APS)"
      },
      "geometry": {
        "type": "Point",
        "coordinates": [
          -70.76784,
          -33.5254
        ]
      }
    },
    {
      "type": "Feature",
      "properties": {
        "id_orig": 2567.0,
        "cod_ant": "13-309",
        "cod_vig": 113309.0,
        "cod_m_ant": null,
        "cod_m_nuev": null,
        "cod_reg": "13",
        "nom_reg": "Metropolitana de Santiago",
        "cod_dep": "13",
        "dependenc": "Servicio de Salud Metropolitano Sur",
        "pertenenci": "Perteneciente al Sistema Nacional de Servicios de Salud",
        "tipo": "Centro de Salud Familiar (CESFAM)",
        "ambito": "Establecimiento de Salud",
        "nombre": "Centro de Salud Familiar Julio Acuña Pinzón",
        "certifi": "Centro de Salud Familiar",
        "dep_adm": "Municipal",
        "nivel": "Primer Nivel",
        "cod_com": "13116",
        "nom_com": "Lo Espejo",
        "via": "Avenida",
        "numero": "8260",
        "direccion": "Central Raúl Silva Henríquez",
        "fono": "800500460",
        "f_inicio": null,
        "urgencia": "NO",
        "tipo_urge": "No Aplica",
        "clas_sapu": "No Aplica",
        "latitud": -33.52243,
        "longitud": -70.69732,
        "prestador": "Público",
        "estado": "Vigente en Operación Habitual",
        "complejida": "Baja Complejidad",
        "tipo_aten": "Atención Abierta-Ambulatoria",
        "cut_comuna": "13116",
        "cut_region": "13",
        "cut_provin": "131",
        "nom_region": "Metropolitana de Santiago",
        "nom_provin": "Santiago",
        "nom_comuna": "Lo Espejo",
        "ir_google": "https://www.google.cl/maps/dir//-33.52243,-70.69732",
        "simbologia": "Atención Primaria de Salud (APS)"
      },
      "geometry": {
        "type": "Point",
        "coordinates": [
          -70.69732,
          -33.52243
        ]
      }
    },
    {
      "type": "Feature",
      "properties": {
        "id_orig": 2574.0,
        "cod_ant": "13-307",
        "cod_vig": 113307.0,
        "cod_m_ant": null,
        "cod_m_nuev": null,
        "cod_reg": "13",
        "nom_reg": "Metropolitana de Santiago",
        "cod_dep": "14",
        "dependenc": "Servicio de Salud Metropolitano Sur Oriente",
        "pertenenci": "Perteneciente al Sistema Nacional de Servicios de Salud",
        "tipo": "Centro de Salud Familiar (CESFAM)",
        "ambito": "Establecimiento de Salud",
        "nombre": "Centro de Salud Familiar Padre Esteban Gumucio Vives",
        "certifi": "Centro de Salud Familiar",
        "dep_adm": "Municipal",
        "nivel": "Primer Nivel",
        "cod_com": "13111",
        "nom_com": "La Granja",
        "via": "Avenida",
        "numero": "281",
        "direccion": "Central",
        "fono": "225250363",
        "f_inicio": null,
        "urgencia": "NO",
        "tipo_urge": "No Aplica",
        "clas_sapu": "No Aplica",
        "latitud": -33.5196,
        "longitud": -70.62398,
        "prestador": "Público",
        "estado": "Vigente en Operación Habitual",
        "complejida": "Baja Complejidad",
        "tipo_aten": "Atención Abierta-Ambulatoria",
        "cut_comuna": "13111",
        "cut_region": "13",
        "cut_provin": "131",
        "nom_region": "Metropolitana de Santiago",
        "nom_provin": "Santiago",
        "nom_comuna": "La Granja",
        "ir_google": "https://www.google.cl/maps/dir//-33.5196,-70.62398",
        "simbologia": "Atención Primaria de Salud (APS)"
      },
      "geometry": {
        "type": "Point",
        "coordinates": [
          -70.62398,
          -33.5196
        ]
      }
    },
    {
      "type": "Feature",
      "properties": {
        "id_orig": 2577.0,
        "cod_ant": "14-303",
        "cod_vig": 114303.0,
        "cod_m_ant": null,
        "cod_m_nuev": null,
        "cod_reg": "13",
        "nom_reg": "Metropolitana de Santiago",
        "cod_dep": "14",
        "dependenc": "Servicio de Salud Metropolitano Sur Oriente",
        "pertenenci": "Perteneciente al Sistema Nacional de Servicios de Salud",
        "tipo": "Centro de Salud Familiar (CESFAM)",
        "ambito": "Establecimiento de Salud",
        "nombre": "Centro de Salud Familiar Bellavista",
        "certifi": "Centro de Salud Familiar",
        "dep_adm": "Municipal",
        "nivel": "Primer Nivel",
        "cod_com": "13110",
        "nom_com": "La Florida",
        "via": "Calle",
        "numero": "6420",
        "direccion": "Froilan Roa",
        "fono": "226115900",
        "f_inicio": null,
        "urgencia": "NO",
        "tipo_urge": "No Aplica",
        "clas_sapu": "No Aplica",
        "latitud": -33.51856,
        "longitud": -70.60222,
        "prestador": "Público",
        "estado": "Vigente en Operación Habitual",
        "complejida": "Baja Complejidad",
        "tipo_aten": "Atención Abierta-Ambulatoria",
        "cut_comuna": "13110",
        "cut_region": "13",
        "cut_provin": "131",
        "nom_region": "Metropolitana de Santiago",
        "nom_provin": "Santiago",
        "nom_comuna": "La Florida",
        "ir_google": "https://www.google.cl/maps/dir//-33.51856,-70.60222",
        "simbologia": "Atención Primaria de Salud (APS)"
      },
      "geometry": {
        "type": "Point",
        "coordinates": [
          -70.60222,
          -33.51856
        ]
      }
    },
    {
      "type": "Feature",
      "properties": {
        "id_orig": 2582.0,
        "cod_ant": "10-385",
        "cod_vig": 110385.0,
        "cod_m_ant": null,
        "cod_m_nuev": null,
        "cod_reg": "13",
        "nom_reg": "Metropolitana de Santiago",
        "cod_dep": "10",
        "dependenc": "Servicio de Salud Metropolitano Occidente",
        "pertenenci": "Perteneciente al Sistema Nacional de Servicios de Salud",
        "tipo": "Centro de Salud Familiar (CESFAM)",
        "ambito": "Establecimiento de Salud",
        "nombre": "Centro de Salud Familiar Adriana Madrid De Costabal",
        "certifi": "Centro de Salud Familiar",
        "dep_adm": "Municipal",
        "nivel": "Primer Nivel",
        "cod_com": "13504",
        "nom_com": "Maria Pinto",
        "via": "Avenida",
        "numero": null,
        "direccion": "Francisco Costabal",
        "fono": "225745000",
        "f_inicio": null,
        "urgencia": "NO",
        "tipo_urge": "No Aplica",
        "clas_sapu": "No Aplica",
        "latitud": -33.51714,
        "longitud": -71.12501,
        "prestador": "Público",
        "estado": "Vigente en Operación Habitual",
        "complejida": "Baja Complejidad",
        "tipo_aten": "Atención Abierta-Ambulatoria",
        "cut_comuna": "13504",
        "cut_region": "13",
        "cut_provin": "135",
        "nom_region": "Metropolitana de Santiago",
        "nom_provin": "Melipilla",
        "nom_comuna": "María Pinto",
        "ir_google": "https://www.google.cl/maps/dir//-33.51714,-71.12501",
        "simbologia": "Atención Primaria de Salud (APS)"
      },
      "geometry": {
        "type": "Point",
        "coordinates": [
          -71.12501,
          -33.51714
        ]
      }
    },
    {
      "type": "Feature",
      "properties": {
        "id_orig": 2585.0,
        "cod_ant": "13-308",
        "cod_vig": 113308.0,
        "cod_m_ant": null,
        "cod_m_nuev": null,
        "cod_reg": "13",
        "nom_reg": "Metropolitana de Santiago",
        "cod_dep": "13",
        "dependenc": "Servicio de Salud Metropolitano Sur",
        "pertenenci": "Perteneciente al Sistema Nacional de Servicios de Salud",
        "tipo": "Centro de Salud Familiar (CESFAM)",
        "ambito": "Establecimiento de Salud",
        "nombre": "Centro de Salud Familiar Clara Estrella",
        "certifi": "Centro de Salud Familiar",
        "dep_adm": "Municipal",
        "nivel": "Primer Nivel",
        "cod_com": "13116",
        "nom_com": "Lo Espejo",
        "via": "Calle",
        "numero": "6868",
        "direccion": "Putre",
        "fono": "800500459",
        "f_inicio": null,
        "urgencia": "NO",
        "tipo_urge": "No Aplica",
        "clas_sapu": "No Aplica",
        "latitud": -33.51493,
        "longitud": -70.67617,
        "prestador": "Público",
        "estado": "Vigente en Operación Habitual",
        "complejida": "Baja Complejidad",
        "tipo_aten": "Atención Abierta-Ambulatoria",
        "cut_comuna": "13116",
        "cut_region": "13",
        "cut_provin": "131",
        "nom_region": "Metropolitana de Santiago",
        "nom_provin": "Santiago",
        "nom_comuna": "Lo Espejo",
        "ir_google": "https://www.google.cl/maps/dir//-33.51493,-70.67617",
        "simbologia": "Atención Primaria de Salud (APS)"
      },
      "geometry": {
        "type": "Point",
        "coordinates": [
          -70.67617,
          -33.51493
        ]
      }
    },
    {
      "type": "Feature",
      "properties": {
        "id_orig": 2588.0,
        "cod_ant": "14-331",
        "cod_vig": 114331.0,
        "cod_m_ant": null,
        "cod_m_nuev": null,
        "cod_reg": "13",
        "nom_reg": "Metropolitana de Santiago",
        "cod_dep": "14",
        "dependenc": "Servicio de Salud Metropolitano Sur Oriente",
        "pertenenci": "Perteneciente al Sistema Nacional de Servicios de Salud",
        "tipo": "Centro de Salud Familiar (CESFAM)",
        "ambito": "Establecimiento de Salud",
        "nombre": "Centro de Salud Familiar La Florida",
        "certifi": "Centro de Salud Familiar",
        "dep_adm": "Municipal",
        "nivel": "Primer Nivel",
        "cod_com": "13110",
        "nom_com": "La Florida",
        "via": "Avenida",
        "numero": "6015",
        "direccion": "La Florida",
        "fono": "222854792",
        "f_inicio": null,
        "urgencia": "NO",
        "tipo_urge": "No Aplica",
        "clas_sapu": "No Aplica",
        "latitud": -33.51466,
        "longitud": -70.58581,
        "prestador": "Público",
        "estado": "Vigente en Operación Habitual",
        "complejida": "Baja Complejidad",
        "tipo_aten": "Atención Abierta-Ambulatoria",
        "cut_comuna": "13110",
        "cut_region": "13",
        "cut_provin": "131",
        "nom_region": "Metropolitana de Santiago",
        "nom_provin": "Santiago",
        "nom_comuna": "La Florida",
        "ir_google": "https://www.google.cl/maps/dir//-33.51466,-70.58581",
        "simbologia": "Atención Primaria de Salud (APS)"
      },
      "geometry": {
        "type": "Point",
        "coordinates": [
          -70.58581,
          -33.51466
        ]
      }
    },
    {
      "type": "Feature",
      "properties": {
        "id_orig": 2591.0,
        "cod_ant": "11-309",
        "cod_vig": 111309.0,
        "cod_m_ant": null,
        "cod_m_nuev": null,
        "cod_reg": "13",
        "nom_reg": "Metropolitana de Santiago",
        "cod_dep": "11",
        "dependenc": "Servicio de Salud Metropolitano Central",
        "pertenenci": "Perteneciente al Sistema Nacional de Servicios de Salud",
        "tipo": "Centro de Salud Familiar (CESFAM)",
        "ambito": "Establecimiento de Salud",
        "nombre": "Centro de Salud Familiar Dra. Ana María Juricic",
        "certifi": "Centro de Salud Familiar",
        "dep_adm": "Servicio de Salud",
        "nivel": "Primer Nivel",
        "cod_com": "13119",
        "nom_com": "Maipú",
        "via": "Calle",
        "numero": "1841",
        "direccion": "El Conquistador",
        "fono": "225144154",
        "f_inicio": null,
        "urgencia": "NO",
        "tipo_urge": "No Aplica",
        "clas_sapu": "No Aplica",
        "latitud": -33.51407,
        "longitud": -70.7966,
        "prestador": "Público",
        "estado": "Vigente en Operación Habitual",
        "complejida": "Baja Complejidad",
        "tipo_aten": "Atención Abierta-Ambulatoria",
        "cut_comuna": "13119",
        "cut_region": "13",
        "cut_provin": "131",
        "nom_region": "Metropolitana de Santiago",
        "nom_provin": "Santiago",
        "nom_comuna": "Maipú",
        "ir_google": "https://www.google.cl/maps/dir//-33.51407,-70.7966",
        "simbologia": "Atención Primaria de Salud (APS)"
      },
      "geometry": {
        "type": "Point",
        "coordinates": [
          -70.7966,
          -33.51407
        ]
      }
    },
    {
      "type": "Feature",
      "properties": {
        "id_orig": 2599.0,
        "cod_ant": "14-302",
        "cod_vig": 114302.0,
        "cod_m_ant": null,
        "cod_m_nuev": null,
        "cod_reg": "13",
        "nom_reg": "Metropolitana de Santiago",
        "cod_dep": "14",
        "dependenc": "Servicio de Salud Metropolitano Sur Oriente",
        "pertenenci": "Perteneciente al Sistema Nacional de Servicios de Salud",
        "tipo": "Centro de Salud Familiar (CESFAM)",
        "ambito": "Establecimiento de Salud",
        "nombre": "Centro de Salud Familiar Los Castaños",
        "certifi": "Centro de Salud Familiar",
        "dep_adm": "Municipal",
        "nivel": "Primer Nivel",
        "cod_com": "13110",
        "nom_com": "La Florida",
        "via": "Calle",
        "numero": "5820",
        "direccion": "Diagonal Los Castaños",
        "fono": "225760450",
        "f_inicio": null,
        "urgencia": "NO",
        "tipo_urge": "No Aplica",
        "clas_sapu": "No Aplica",
        "latitud": -33.51188,
        "longitud": -70.57798,
        "prestador": "Público",
        "estado": "Vigente en Operación Habitual",
        "complejida": "Baja Complejidad",
        "tipo_aten": "Atención Abierta-Ambulatoria",
        "cut_comuna": "13110",
        "cut_region": "13",
        "cut_provin": "131",
        "nom_region": "Metropolitana de Santiago",
        "nom_provin": "Santiago",
        "nom_comuna": "La Florida",
        "ir_google": "https://www.google.cl/maps/dir//-33.51188,-70.57798",
        "simbologia": "Atención Primaria de Salud (APS)"
      },
      "geometry": {
        "type": "Point",
        "coordinates": [
          -70.57798,
          -33.51188
        ]
      }
    },
    {
      "type": "Feature",
      "properties": {
        "id_orig": 2604.0,
        "cod_ant": "13-302",
        "cod_vig": 113302.0,
        "cod_m_ant": null,
        "cod_m_nuev": null,
        "cod_reg": "13",
        "nom_reg": "Metropolitana de Santiago",
        "cod_dep": "13",
        "dependenc": "Servicio de Salud Metropolitano Sur",
        "pertenenci": "Perteneciente al Sistema Nacional de Servicios de Salud",
        "tipo": "Centro de Salud Familiar (CESFAM)",
        "ambito": "Establecimiento de Salud",
        "nombre": "Centro de Salud Familiar Recreo",
        "certifi": "Centro de Salud Familiar",
        "dep_adm": "Municipal",
        "nivel": "Primer Nivel",
        "cod_com": "13130",
        "nom_com": "San Miguel",
        "via": "Calle",
        "numero": "785",
        "direccion": "Varas Mena",
        "fono": "225761436",
        "f_inicio": null,
        "urgencia": "NO",
        "tipo_urge": "No Aplica",
        "clas_sapu": "No Aplica",
        "latitud": -33.51012,
        "longitud": -70.64902,
        "prestador": "Público",
        "estado": "Vigente en Operación Habitual",
        "complejida": "Baja Complejidad",
        "tipo_aten": "Atención Abierta-Ambulatoria",
        "cut_comuna": "13130",
        "cut_region": "13",
        "cut_provin": "131",
        "nom_region": "Metropolitana de Santiago",
        "nom_provin": "Santiago",
        "nom_comuna": "San Miguel",
        "ir_google": "https://www.google.cl/maps/dir//-33.51012,-70.64902",
        "simbologia": "Atención Primaria de Salud (APS)"
      },
      "geometry": {
        "type": "Point",
        "coordinates": [
          -70.64902,
          -33.51012
        ]
      }
    },
    {
      "type": "Feature",
      "properties": {
        "id_orig": 2610.0,
        "cod_ant": "12-315",
        "cod_vig": 112315.0,
        "cod_m_ant": null,
        "cod_m_nuev": null,
        "cod_reg": "13",
        "nom_reg": "Metropolitana de Santiago",
        "cod_dep": "12",
        "dependenc": "Servicio de Salud Metropolitano Oriente",
        "pertenenci": "Perteneciente al Sistema Nacional de Servicios de Salud",
        "tipo": "Centro de Salud Familiar (CESFAM)",
        "ambito": "Establecimiento de Salud",
        "nombre": "Centro de Salud Familiar San Luis",
        "certifi": "Centro de Salud Familiar",
        "dep_adm": "Municipal",
        "nivel": "Primer Nivel",
        "cod_com": "13122",
        "nom_com": "Peñalolén",
        "via": "Calle",
        "numero": "5370",
        "direccion": "La Pradera",
        "fono": "229397311",
        "f_inicio": null,
        "urgencia": "NO",
        "tipo_urge": "No Aplica",
        "clas_sapu": "No Aplica",
        "latitud": -33.50812,
        "longitud": -70.57799,
        "prestador": "Público",
        "estado": "Vigente en Operación Habitual",
        "complejida": "Baja Complejidad",
        "tipo_aten": "Atención Abierta-Ambulatoria",
        "cut_comuna": "13122",
        "cut_region": "13",
        "cut_provin": "131",
        "nom_region": "Metropolitana de Santiago",
        "nom_provin": "Santiago",
        "nom_comuna": "Peñalolén",
        "ir_google": "https://www.google.cl/maps/dir//-33.50812,-70.57799",
        "simbologia": "Atención Primaria de Salud (APS)"
      },
      "geometry": {
        "type": "Point",
        "coordinates": [
          -70.57799,
          -33.50812
        ]
      }
    },
    {
      "type": "Feature",
      "properties": {
        "id_orig": 2612.0,
        "cod_ant": "13-310",
        "cod_vig": 113310.0,
        "cod_m_ant": null,
        "cod_m_nuev": null,
        "cod_reg": "13",
        "nom_reg": "Metropolitana de Santiago",
        "cod_dep": "13",
        "dependenc": "Servicio de Salud Metropolitano Sur",
        "pertenenci": "Perteneciente al Sistema Nacional de Servicios de Salud",
        "tipo": "Centro de Salud Familiar (CESFAM)",
        "ambito": "Establecimiento de Salud",
        "nombre": "Centro de Salud Familiar Dra. Mariela Salgado Zepeda",
        "certifi": "Centro de Salud Familiar",
        "dep_adm": "Municipal",
        "nivel": "Primer Nivel",
        "cod_com": "13116",
        "nom_com": "Lo Espejo",
        "via": "Calle",
        "numero": "3849",
        "direccion": "José María Caro",
        "fono": null,
        "f_inicio": null,
        "urgencia": "NO",
        "tipo_urge": "No Aplica",
        "clas_sapu": "No Aplica",
        "latitud": -33.50742,
        "longitud": -70.69407,
        "prestador": "Público",
        "estado": "Vigente en Operación Habitual",
        "complejida": "Baja Complejidad",
        "tipo_aten": "Atención Abierta-Ambulatoria",
        "cut_comuna": "13116",
        "cut_region": "13",
        "cut_provin": "131",
        "nom_region": "Metropolitana de Santiago",
        "nom_provin": "Santiago",
        "nom_comuna": "Lo Espejo",
        "ir_google": "https://www.google.cl/maps/dir//-33.50742,-70.69407",
        "simbologia": "Atención Primaria de Salud (APS)"
      },
      "geometry": {
        "type": "Point",
        "coordinates": [
          -70.69407,
          -33.50742
        ]
      }
    },
    {
      "type": "Feature",
      "properties": {
        "id_orig": 2617.0,
        "cod_ant": "13-322",
        "cod_vig": 113322.0,
        "cod_m_ant": null,
        "cod_m_nuev": null,
        "cod_reg": "13",
        "nom_reg": "Metropolitana de Santiago",
        "cod_dep": "13",
        "dependenc": "Servicio de Salud Metropolitano Sur",
        "pertenenci": "Perteneciente al Sistema Nacional de Servicios de Salud",
        "tipo": "Centro de Salud Familiar (CESFAM)",
        "ambito": "Establecimiento de Salud",
        "nombre": "Centro de Salud Familiar Santa Teresa de Los Andes",
        "certifi": "Centro de Salud Familiar",
        "dep_adm": "Municipal",
        "nivel": "Primer Nivel",
        "cod_com": "13129",
        "nom_com": "San Joaquín",
        "via": "Pasaje",
        "numero": "5379",
        "direccion": "Huara",
        "fono": "225761163",
        "f_inicio": null,
        "urgencia": "NO",
        "tipo_urge": "No Aplica",
        "clas_sapu": "No Aplica",
        "latitud": -33.5063,
        "longitud": -70.62439,
        "prestador": "Público",
        "estado": "Vigente en Operación Habitual",
        "complejida": "Baja Complejidad",
        "tipo_aten": "Atención Abierta-Ambulatoria",
        "cut_comuna": "13129",
        "cut_region": "13",
        "cut_provin": "131",
        "nom_region": "Metropolitana de Santiago",
        "nom_provin": "Santiago",
        "nom_comuna": "San Joaquín",
        "ir_google": "https://www.google.cl/maps/dir//-33.5063,-70.62439",
        "simbologia": "Atención Primaria de Salud (APS)"
      },
      "geometry": {
        "type": "Point",
        "coordinates": [
          -70.62439,
          -33.5063
        ]
      }
    },
    {
      "type": "Feature",
      "properties": {
        "id_orig": 2620.0,
        "cod_ant": "11-308",
        "cod_vig": 111308.0,
        "cod_m_ant": null,
        "cod_m_nuev": null,
        "cod_reg": "13",
        "nom_reg": "Metropolitana de Santiago",
        "cod_dep": "11",
        "dependenc": "Servicio de Salud Metropolitano Central",
        "pertenenci": "Perteneciente al Sistema Nacional de Servicios de Salud",
        "tipo": "Centro de Salud Familiar (CESFAM)",
        "ambito": "Establecimiento de Salud",
        "nombre": "Centro de Salud Familiar Dr. José Eduardo Ahués Salame",
        "certifi": "Centro de Salud Familiar",
        "dep_adm": "Servicio de Salud",
        "nivel": "Primer Nivel",
        "cod_com": "13119",
        "nom_com": "Maipú",
        "via": "Avenida",
        "numero": "2200",
        "direccion": "Independencia",
        "fono": "225742750",
        "f_inicio": null,
        "urgencia": "NO",
        "tipo_urge": "No Aplica",
        "clas_sapu": "No Aplica",
        "latitud": -33.50543,
        "longitud": -70.77435,
        "prestador": "Público",
        "estado": "Vigente en Operación Habitual",
        "complejida": "Baja Complejidad",
        "tipo_aten": "Atención Abierta-Ambulatoria",
        "cut_comuna": "13119",
        "cut_region": "13",
        "cut_provin": "131",
        "nom_region": "Metropolitana de Santiago",
        "nom_provin": "Santiago",
        "nom_comuna": "Maipú",
        "ir_google": "https://www.google.cl/maps/dir//-33.50543,-70.77435",
        "simbologia": "Atención Primaria de Salud (APS)"
      },
      "geometry": {
        "type": "Point",
        "coordinates": [
          -70.77435,
          -33.50543
        ]
      }
    },
    {
      "type": "Feature",
      "properties": {
        "id_orig": 2624.0,
        "cod_ant": "11-304",
        "cod_vig": 111304.0,
        "cod_m_ant": null,
        "cod_m_nuev": null,
        "cod_reg": "13",
        "nom_reg": "Metropolitana de Santiago",
        "cod_dep": "11",
        "dependenc": "Servicio de Salud Metropolitano Central",
        "pertenenci": "Perteneciente al Sistema Nacional de Servicios de Salud",
        "tipo": "Centro de Salud Familiar (CESFAM)",
        "ambito": "Establecimiento de Salud",
        "nombre": "Centro de Salud Familiar Maipú",
        "certifi": "Centro de Salud Familiar",
        "dep_adm": "Servicio de Salud",
        "nivel": "Primer Nivel",
        "cod_com": "13119",
        "nom_com": "Maipú",
        "via": "Avenida",
        "numero": "2470",
        "direccion": "Ramón Freire",
        "fono": "800500354",
        "f_inicio": null,
        "urgencia": "NO",
        "tipo_urge": "No Aplica",
        "clas_sapu": "No Aplica",
        "latitud": -33.50432,
        "longitud": -70.75815,
        "prestador": "Público",
        "estado": "Vigente en Operación Habitual",
        "complejida": "Baja Complejidad",
        "tipo_aten": "Atención Abierta-Ambulatoria",
        "cut_comuna": "13119",
        "cut_region": "13",
        "cut_provin": "131",
        "nom_region": "Metropolitana de Santiago",
        "nom_provin": "Santiago",
        "nom_comuna": "Maipú",
        "ir_google": "https://www.google.cl/maps/dir//-33.50432,-70.75815",
        "simbologia": "Atención Primaria de Salud (APS)"
      },
      "geometry": {
        "type": "Point",
        "coordinates": [
          -70.75815,
          -33.50432
        ]
      }
    },
    {
      "type": "Feature",
      "properties": {
        "id_orig": 2630.0,
        "cod_ant": "13-303",
        "cod_vig": 113303.0,
        "cod_m_ant": null,
        "cod_m_nuev": null,
        "cod_reg": "13",
        "nom_reg": "Metropolitana de Santiago",
        "cod_dep": "13",
        "dependenc": "Servicio de Salud Metropolitano Sur",
        "pertenenci": "Perteneciente al Sistema Nacional de Servicios de Salud",
        "tipo": "Centro de Salud Familiar (CESFAM)",
        "ambito": "Establecimiento de Salud",
        "nombre": "Centro de Salud Familiar Amador Neghme",
        "certifi": "Centro de Salud Familiar",
        "dep_adm": "Municipal",
        "nivel": "Primer Nivel",
        "cod_com": "13121",
        "nom_com": "Pedro Aguirre Cerda",
        "via": "Calle",
        "numero": "2810",
        "direccion": "Alhué",
        "fono": "223965592",
        "f_inicio": null,
        "urgencia": "NO",
        "tipo_urge": "No Aplica",
        "clas_sapu": "No Aplica",
        "latitud": -33.50346,
        "longitud": -70.67606,
        "prestador": "Público",
        "estado": "Vigente en Operación Habitual",
        "complejida": "Baja Complejidad",
        "tipo_aten": "Atención Abierta-Ambulatoria",
        "cut_comuna": "13121",
        "cut_region": "13",
        "cut_provin": "131",
        "nom_region": "Metropolitana de Santiago",
        "nom_provin": "Santiago",
        "nom_comuna": "Pedro Aguirre Cerda",
        "ir_google": "https://www.google.cl/maps/dir//-33.50346,-70.67606",
        "simbologia": "Atención Primaria de Salud (APS)"
      },
      "geometry": {
        "type": "Point",
        "coordinates": [
          -70.67606,
          -33.50346
        ]
      }
    },
    {
      "type": "Feature",
      "properties": {
        "id_orig": 2632.0,
        "cod_ant": "13-304",
        "cod_vig": 113304.0,
        "cod_m_ant": null,
        "cod_m_nuev": null,
        "cod_reg": "13",
        "nom_reg": "Metropolitana de Santiago",
        "cod_dep": "13",
        "dependenc": "Servicio de Salud Metropolitano Sur",
        "pertenenci": "Perteneciente al Sistema Nacional de Servicios de Salud",
        "tipo": "Centro de Salud Familiar (CESFAM)",
        "ambito": "Establecimiento de Salud",
        "nombre": "Centro de Salud Familiar Villa Sur",
        "certifi": "Centro de Salud Familiar",
        "dep_adm": "Municipal",
        "nivel": "Primer Nivel",
        "cod_com": "13121",
        "nom_com": "Pedro Aguirre Cerda",
        "via": "Calle",
        "numero": "6035",
        "direccion": "Clotario Blest",
        "fono": "225214665",
        "f_inicio": null,
        "urgencia": "NO",
        "tipo_urge": "No Aplica",
        "clas_sapu": "No Aplica",
        "latitud": -33.50158,
        "longitud": -70.68072,
        "prestador": "Público",
        "estado": "Vigente en Operación Habitual",
        "complejida": "Baja Complejidad",
        "tipo_aten": "Atención Abierta-Ambulatoria",
        "cut_comuna": "13121",
        "cut_region": "13",
        "cut_provin": "131",
        "nom_region": "Metropolitana de Santiago",
        "nom_provin": "Santiago",
        "nom_comuna": "Pedro Aguirre Cerda",
        "ir_google": "https://www.google.cl/maps/dir//-33.50158,-70.68072",
        "simbologia": "Atención Primaria de Salud (APS)"
      },
      "geometry": {
        "type": "Point",
        "coordinates": [
          -70.68072,
          -33.50158
        ]
      }
    },
    {
      "type": "Feature",
      "properties": {
        "id_orig": 2633.0,
        "cod_ant": "12-312",
        "cod_vig": 112312.0,
        "cod_m_ant": null,
        "cod_m_nuev": null,
        "cod_reg": "13",
        "nom_reg": "Metropolitana de Santiago",
        "cod_dep": "12",
        "dependenc": "Servicio de Salud Metropolitano Oriente",
        "pertenenci": "Perteneciente al Sistema Nacional de Servicios de Salud",
        "tipo": "Centro de Salud Familiar (CESFAM)",
        "ambito": "Establecimiento de Salud",
        "nombre": "Centro de Salud Familiar Félix de Amesti",
        "certifi": "Centro de Salud Familiar",
        "dep_adm": "Municipal",
        "nivel": "Primer Nivel",
        "cod_com": "13118",
        "nom_com": "Macul",
        "via": "Calle",
        "numero": "5557",
        "direccion": "El Líbano",
        "fono": "227192800",
        "f_inicio": null,
        "urgencia": "NO",
        "tipo_urge": "No Aplica",
        "clas_sapu": "No Aplica",
        "latitud": -33.5015,
        "longitud": -70.59393,
        "prestador": "Público",
        "estado": "Vigente en Operación Habitual",
        "complejida": "Baja Complejidad",
        "tipo_aten": "Atención Abierta-Ambulatoria",
        "cut_comuna": "13118",
        "cut_region": "13",
        "cut_provin": "131",
        "nom_region": "Metropolitana de Santiago",
        "nom_provin": "Santiago",
        "nom_comuna": "Macul",
        "ir_google": "https://www.google.cl/maps/dir//-33.5015,-70.59393",
        "simbologia": "Atención Primaria de Salud (APS)"
      },
      "geometry": {
        "type": "Point",
        "coordinates": [
          -70.59393,
          -33.5015
        ]
      }
    },
    {
      "type": "Feature",
      "properties": {
        "id_orig": 2634.0,
        "cod_ant": "11-307",
        "cod_vig": 111307.0,
        "cod_m_ant": null,
        "cod_m_nuev": null,
        "cod_reg": "13",
        "nom_reg": "Metropolitana de Santiago",
        "cod_dep": "11",
        "dependenc": "Servicio de Salud Metropolitano Central",
        "pertenenci": "Perteneciente al Sistema Nacional de Servicios de Salud",
        "tipo": "Centro de Salud Familiar (CESFAM)",
        "ambito": "Establecimiento de Salud",
        "nombre": "Centro de Salud Familiar Enfermera Sofía Pincheira",
        "certifi": "Centro de Salud Familiar",
        "dep_adm": "Servicio de Salud",
        "nivel": "Primer Nivel",
        "cod_com": "13102",
        "nom_com": "Cerrillos",
        "via": "Avenida",
        "numero": "7590",
        "direccion": "Las Torres",
        "fono": "225747800",
        "f_inicio": null,
        "urgencia": "NO",
        "tipo_urge": "No Aplica",
        "clas_sapu": "No Aplica",
        "latitud": -33.50148,
        "longitud": -70.73355,
        "prestador": "Público",
        "estado": "Vigente en Operación Habitual",
        "complejida": "Baja Complejidad",
        "tipo_aten": "Atención Abierta-Ambulatoria",
        "cut_comuna": "13102",
        "cut_region": "13",
        "cut_provin": "131",
        "nom_region": "Metropolitana de Santiago",
        "nom_provin": "Santiago",
        "nom_comuna": "Cerrillos",
        "ir_google": "https://www.google.cl/maps/dir//-33.50148,-70.73355",
        "simbologia": "Atención Primaria de Salud (APS)"
      },
      "geometry": {
        "type": "Point",
        "coordinates": [
          -70.73355,
          -33.50148
        ]
      }
    },
    {
      "type": "Feature",
      "properties": {
        "id_orig": 2651.0,
        "cod_ant": "12-319",
        "cod_vig": 112319.0,
        "cod_m_ant": null,
        "cod_m_nuev": null,
        "cod_reg": "13",
        "nom_reg": "Metropolitana de Santiago",
        "cod_dep": "12",
        "dependenc": "Servicio de Salud Metropolitano Oriente",
        "pertenenci": "Perteneciente al Sistema Nacional de Servicios de Salud",
        "tipo": "Centro de Salud Familiar (CESFAM)",
        "ambito": "Establecimiento de Salud",
        "nombre": "Centro de Salud Familiar Padre Alberto Hurtado",
        "certifi": "Centro de Salud Familiar",
        "dep_adm": "Municipal",
        "nivel": "Primer Nivel",
        "cod_com": "13118",
        "nom_com": "Macul",
        "via": "Calle",
        "numero": "4345",
        "direccion": "Arturo Prat",
        "fono": "225739500",
        "f_inicio": null,
        "urgencia": "NO",
        "tipo_urge": "No Aplica",
        "clas_sapu": "No Aplica",
        "latitud": -33.49348,
        "longitud": -70.61511,
        "prestador": "Público",
        "estado": "Vigente en Operación Habitual",
        "complejida": "Baja Complejidad",
        "tipo_aten": "Atención Abierta-Ambulatoria",
        "cut_comuna": "13118",
        "cut_region": "13",
        "cut_provin": "131",
        "nom_region": "Metropolitana de Santiago",
        "nom_provin": "Santiago",
        "nom_comuna": "Macul",
        "ir_google": "https://www.google.cl/maps/dir//-33.49348,-70.61511",
        "simbologia": "Atención Primaria de Salud (APS)"
      },
      "geometry": {
        "type": "Point",
        "coordinates": [
          -70.61511,
          -33.49348
        ]
      }
    },
    {
      "type": "Feature",
      "properties": {
        "id_orig": 2653.0,
        "cod_ant": "11-305",
        "cod_vig": 111305.0,
        "cod_m_ant": null,
        "cod_m_nuev": null,
        "cod_reg": "13",
        "nom_reg": "Metropolitana de Santiago",
        "cod_dep": "11",
        "dependenc": "Servicio de Salud Metropolitano Central",
        "pertenenci": "Perteneciente al Sistema Nacional de Servicios de Salud",
        "tipo": "Centro de Salud Familiar (CESFAM)",
        "ambito": "Establecimiento de Salud",
        "nombre": "Centro de Salud Familiar Dr. Norman Voulliéme",
        "certifi": "Centro de Salud Familiar",
        "dep_adm": "Servicio de Salud",
        "nivel": "Primer Nivel",
        "cod_com": "13102",
        "nom_com": "Cerrillos",
        "via": "Calle",
        "numero": "6376",
        "direccion": "Salomón Sack",
        "fono": "225746650",
        "f_inicio": null,
        "urgencia": "NO",
        "tipo_urge": "No Aplica",
        "clas_sapu": "No Aplica",
        "latitud": -33.49331,
        "longitud": -70.7192,
        "prestador": "Público",
        "estado": "Vigente en Operación Habitual",
        "complejida": "Baja Complejidad",
        "tipo_aten": "Atención Abierta-Ambulatoria",
        "cut_comuna": "13102",
        "cut_region": "13",
        "cut_provin": "131",
        "nom_region": "Metropolitana de Santiago",
        "nom_provin": "Santiago",
        "nom_comuna": "Cerrillos",
        "ir_google": "https://www.google.cl/maps/dir//-33.49331,-70.7192",
        "simbologia": "Atención Primaria de Salud (APS)"
      },
      "geometry": {
        "type": "Point",
        "coordinates": [
          -70.7192,
          -33.49331
        ]
      }
    },
    {
      "type": "Feature",
      "properties": {
        "id_orig": 2657.0,
        "cod_ant": "13-305",
        "cod_vig": 113305.0,
        "cod_m_ant": null,
        "cod_m_nuev": null,
        "cod_reg": "13",
        "nom_reg": "Metropolitana de Santiago",
        "cod_dep": "13",
        "dependenc": "Servicio de Salud Metropolitano Sur",
        "pertenenci": "Perteneciente al Sistema Nacional de Servicios de Salud",
        "tipo": "Centro de Salud Familiar (CESFAM)",
        "ambito": "Establecimiento de Salud",
        "nombre": "Centro de Salud Familiar Arturo Baeza Goñi",
        "certifi": "Centro de Salud Familiar",
        "dep_adm": "Municipal",
        "nivel": "Primer Nivel",
        "cod_com": "13129",
        "nom_com": "San Joaquín",
        "via": "Calle",
        "numero": "399",
        "direccion": "Álvarez de Toledo",
        "fono": "225960836",
        "f_inicio": null,
        "urgencia": "NO",
        "tipo_urge": "No Aplica",
        "clas_sapu": "No Aplica",
        "latitud": -33.49196,
        "longitud": -70.63322,
        "prestador": "Público",
        "estado": "Vigente en Operación Habitual",
        "complejida": "Baja Complejidad",
        "tipo_aten": "Atención Abierta-Ambulatoria",
        "cut_comuna": "13129",
        "cut_region": "13",
        "cut_provin": "131",
        "nom_region": "Metropolitana de Santiago",
        "nom_provin": "Santiago",
        "nom_comuna": "San Joaquín",
        "ir_google": "https://www.google.cl/maps/dir//-33.49196,-70.63322",
        "simbologia": "Atención Primaria de Salud (APS)"
      },
      "geometry": {
        "type": "Point",
        "coordinates": [
          -70.63322,
          -33.49196
        ]
      }
    },
    {
      "type": "Feature",
      "properties": {
        "id_orig": 2663.0,
        "cod_ant": "11-379",
        "cod_vig": 111379.0,
        "cod_m_ant": null,
        "cod_m_nuev": null,
        "cod_reg": "13",
        "nom_reg": "Metropolitana de Santiago",
        "cod_dep": "11",
        "dependenc": "Servicio de Salud Metropolitano Central",
        "pertenenci": "Perteneciente al Sistema Nacional de Servicios de Salud",
        "tipo": "Centro de Salud Familiar (CESFAM)",
        "ambito": "Establecimiento de Salud",
        "nombre": "Centro de Salud Familiar Clotario Blest",
        "certifi": "Centro de Salud Familiar",
        "dep_adm": "Municipal",
        "nivel": "Primer Nivel",
        "cod_com": "13119",
        "nom_com": "Maipú",
        "via": "Calle",
        "numero": "999",
        "direccion": "Los Trabajadores",
        "fono": null,
        "f_inicio": null,
        "urgencia": "NO",
        "tipo_urge": "No Aplica",
        "clas_sapu": "No Aplica",
        "latitud": -33.49003,
        "longitud": -70.74488,
        "prestador": "Público",
        "estado": "Vigente en Operación Habitual",
        "complejida": "Baja Complejidad",
        "tipo_aten": "Atención Abierta-Ambulatoria",
        "cut_comuna": "13119",
        "cut_region": "13",
        "cut_provin": "131",
        "nom_region": "Metropolitana de Santiago",
        "nom_provin": "Santiago",
        "nom_comuna": "Maipú",
        "ir_google": "https://www.google.cl/maps/dir//-33.49003,-70.74488",
        "simbologia": "Atención Primaria de Salud (APS)"
      },
      "geometry": {
        "type": "Point",
        "coordinates": [
          -70.74488,
          -33.49003
        ]
      }
    },
    {
      "type": "Feature",
      "properties": {
        "id_orig": 2665.0,
        "cod_ant": "13-306",
        "cod_vig": 113306.0,
        "cod_m_ant": null,
        "cod_m_nuev": null,
        "cod_reg": "13",
        "nom_reg": "Metropolitana de Santiago",
        "cod_dep": "13",
        "dependenc": "Servicio de Salud Metropolitano Sur",
        "pertenenci": "Perteneciente al Sistema Nacional de Servicios de Salud",
        "tipo": "Centro de Salud Familiar (CESFAM)",
        "ambito": "Establecimiento de Salud",
        "nombre": "Centro de Salud Familiar Padre Pierre Dubois (Ex La Feria)",
        "certifi": "Centro de Salud Familiar",
        "dep_adm": "Municipal",
        "nivel": "Primer Nivel",
        "cod_com": "13121",
        "nom_com": "Pedro Aguirre Cerda",
        "via": "Calle",
        "numero": "4772",
        "direccion": "Los Comandos",
        "fono": "225760800",
        "f_inicio": null,
        "urgencia": "NO",
        "tipo_urge": "No Aplica",
        "clas_sapu": "No Aplica",
        "latitud": -33.48971,
        "longitud": -70.67602,
        "prestador": "Público",
        "estado": "Vigente en Operación Habitual",
        "complejida": "Baja Complejidad",
        "tipo_aten": "Atención Abierta-Ambulatoria",
        "cut_comuna": "13121",
        "cut_region": "13",
        "cut_provin": "131",
        "nom_region": "Metropolitana de Santiago",
        "nom_provin": "Santiago",
        "nom_comuna": "Pedro Aguirre Cerda",
        "ir_google": "https://www.google.cl/maps/dir//-33.48971,-70.67602",
        "simbologia": "Atención Primaria de Salud (APS)"
      },
      "geometry": {
        "type": "Point",
        "coordinates": [
          -70.67602,
          -33.48971
        ]
      }
    },
    {
      "type": "Feature",
      "properties": {
        "id_orig": 2669.0,
        "cod_ant": "11-303",
        "cod_vig": 111303.0,
        "cod_m_ant": null,
        "cod_m_nuev": null,
        "cod_reg": "13",
        "nom_reg": "Metropolitana de Santiago",
        "cod_dep": "13",
        "dependenc": "Servicio de Salud Metropolitano Sur",
        "pertenenci": "Perteneciente al Sistema Nacional de Servicios de Salud",
        "tipo": "Centro de Salud Familiar (CESFAM)",
        "ambito": "Establecimiento de Salud",
        "nombre": "Centro de Salud Familiar Lo Valledor Norte",
        "certifi": "Centro de Salud Familiar",
        "dep_adm": "Municipal",
        "nivel": "Primer Nivel",
        "cod_com": "13121",
        "nom_com": "Pedro Aguirre Cerda",
        "via": "Avenida",
        "numero": "4661",
        "direccion": "Cooperación",
        "fono": "225747700",
        "f_inicio": null,
        "urgencia": "NO",
        "tipo_urge": "No Aplica",
        "clas_sapu": "No Aplica",
        "latitud": -33.4953803,
        "longitud": -70.6832112,
        "prestador": "Público",
        "estado": "Vigente en Operación Habitual",
        "complejida": "Baja Complejidad",
        "tipo_aten": "Atención Abierta-Ambulatoria",
        "cut_comuna": "13121",
        "cut_region": "13",
        "cut_provin": "131",
        "nom_region": "Metropolitana de Santiago",
        "nom_provin": "Santiago",
        "nom_comuna": "Pedro Aguirre Cerda",
        "ir_google": "https://www.google.cl/maps/dir//-33.4953803,-70.6832112",
        "simbologia": "Atención Primaria de Salud (APS)"
      },
      "geometry": {
        "type": "Point",
        "coordinates": [
          -70.68321119999996,
          -33.495380299999965
        ]
      }
    },
    {
      "type": "Feature",
      "properties": {
        "id_orig": 2673.0,
        "cod_ant": "13-301",
        "cod_vig": 113301.0,
        "cod_m_ant": null,
        "cod_m_nuev": null,
        "cod_reg": "13",
        "nom_reg": "Metropolitana de Santiago",
        "cod_dep": "13",
        "dependenc": "Servicio de Salud Metropolitano Sur",
        "pertenenci": "Perteneciente al Sistema Nacional de Servicios de Salud",
        "tipo": "Centro de Salud Familiar (CESFAM)",
        "ambito": "Establecimiento de Salud",
        "nombre": "Centro de Salud Familiar San Joaquín",
        "certifi": "Centro de Salud Familiar",
        "dep_adm": "Municipal",
        "nivel": "Primer Nivel",
        "cod_com": "13129",
        "nom_com": "San Joaquín",
        "via": "Calle",
        "numero": "3223",
        "direccion": "Francisca de Rimini",
        "fono": "225960846",
        "f_inicio": null,
        "urgencia": "NO",
        "tipo_urge": "No Aplica",
        "clas_sapu": "No Aplica",
        "latitud": -33.48649,
        "longitud": -70.62353,
        "prestador": "Público",
        "estado": "Vigente en Operación Habitual",
        "complejida": "Baja Complejidad",
        "tipo_aten": "Atención Abierta-Ambulatoria",
        "cut_comuna": "13129",
        "cut_region": "13",
        "cut_provin": "131",
        "nom_region": "Metropolitana de Santiago",
        "nom_provin": "Santiago",
        "nom_comuna": "San Joaquín",
        "ir_google": "https://www.google.cl/maps/dir//-33.48649,-70.62353",
        "simbologia": "Atención Primaria de Salud (APS)"
      },
      "geometry": {
        "type": "Point",
        "coordinates": [
          -70.62353,
          -33.48649
        ]
      }
    },
    {
      "type": "Feature",
      "properties": {
        "id_orig": 2684.0,
        "cod_ant": "11-378",
        "cod_vig": 111378.0,
        "cod_m_ant": null,
        "cod_m_nuev": null,
        "cod_reg": "13",
        "nom_reg": "Metropolitana de Santiago",
        "cod_dep": "11",
        "dependenc": "Servicio de Salud Metropolitano Central",
        "pertenenci": "Perteneciente al Sistema Nacional de Servicios de Salud",
        "tipo": "Centro de Salud Familiar (CESFAM)",
        "ambito": "Establecimiento de Salud",
        "nombre": "Centro de Salud Familiar Dr. Iván Insunza",
        "certifi": "Centro de Salud Familiar",
        "dep_adm": "Municipal",
        "nivel": "Primer Nivel",
        "cod_com": "13119",
        "nom_com": "Maipú",
        "via": "Calle",
        "numero": "491",
        "direccion": "Mar de Chile",
        "fono": "222750375",
        "f_inicio": null,
        "urgencia": "NO",
        "tipo_urge": "No Aplica",
        "clas_sapu": "No Aplica",
        "latitud": -33.48427,
        "longitud": -70.77135,
        "prestador": "Público",
        "estado": "Vigente en Operación Habitual",
        "complejida": "Baja Complejidad",
        "tipo_aten": "Atención Abierta-Ambulatoria",
        "cut_comuna": "13119",
        "cut_region": "13",
        "cut_provin": "131",
        "nom_region": "Metropolitana de Santiago",
        "nom_provin": "Santiago",
        "nom_comuna": "Maipú",
        "ir_google": "https://www.google.cl/maps/dir//-33.48427,-70.77135",
        "simbologia": "Atención Primaria de Salud (APS)"
      },
      "geometry": {
        "type": "Point",
        "coordinates": [
          -70.77135,
          -33.48427
        ]
      }
    },
    {
      "type": "Feature",
      "properties": {
        "id_orig": 2688.0,
        "cod_ant": "13-300",
        "cod_vig": 113300.0,
        "cod_m_ant": null,
        "cod_m_nuev": null,
        "cod_reg": "13",
        "nom_reg": "Metropolitana de Santiago",
        "cod_dep": "13",
        "dependenc": "Servicio de Salud Metropolitano Sur",
        "pertenenci": "Perteneciente al Sistema Nacional de Servicios de Salud",
        "tipo": "Centro de Salud Familiar (CESFAM)",
        "ambito": "Establecimiento de Salud",
        "nombre": "Centro de Salud Familiar Barros Luco",
        "certifi": "Centro de Salud Familiar",
        "dep_adm": "Municipal",
        "nivel": "Primer Nivel",
        "cod_com": "13130",
        "nom_com": "San Miguel",
        "via": "Calle",
        "numero": "1319",
        "direccion": "Ángel Guarello",
        "fono": "224063400",
        "f_inicio": null,
        "urgencia": "NO",
        "tipo_urge": "No Aplica",
        "clas_sapu": "No Aplica",
        "latitud": -33.49346,
        "longitud": -70.65739,
        "prestador": "Público",
        "estado": "Vigente en Operación Habitual",
        "complejida": "Baja Complejidad",
        "tipo_aten": "Atención Abierta-Ambulatoria",
        "cut_comuna": "13130",
        "cut_region": "13",
        "cut_provin": "131",
        "nom_region": "Metropolitana de Santiago",
        "nom_provin": "Santiago",
        "nom_comuna": "San Miguel",
        "ir_google": "https://www.google.cl/maps/dir//-33.49346,-70.65739",
        "simbologia": "Atención Primaria de Salud (APS)"
      },
      "geometry": {
        "type": "Point",
        "coordinates": [
          -70.65739,
          -33.49346
        ]
      }
    },
    {
      "type": "Feature",
      "properties": {
        "id_orig": 2689.0,
        "cod_ant": "13-331",
        "cod_vig": 113331.0,
        "cod_m_ant": null,
        "cod_m_nuev": null,
        "cod_reg": "13",
        "nom_reg": "Metropolitana de Santiago",
        "cod_dep": "13",
        "dependenc": "Servicio de Salud Metropolitano Sur",
        "pertenenci": "Perteneciente al Sistema Nacional de Servicios de Salud",
        "tipo": "Centro de Salud Familiar (CESFAM)",
        "ambito": "Establecimiento de Salud",
        "nombre": "Centro de Salud Familiar Edgardo Enríquez Fröedden",
        "certifi": "Centro de Salud Familiar",
        "dep_adm": "Municipal",
        "nivel": "Primer Nivel",
        "cod_com": "13121",
        "nom_com": "Pedro Aguirre Cerda",
        "via": "Avenida",
        "numero": "2650",
        "direccion": "Clotario Blest",
        "fono": "800500464",
        "f_inicio": null,
        "urgencia": "NO",
        "tipo_urge": "No Aplica",
        "clas_sapu": "No Aplica",
        "latitud": -33.48019,
        "longitud": -70.66908,
        "prestador": "Público",
        "estado": "Vigente en Operación Habitual",
        "complejida": "Baja Complejidad",
        "tipo_aten": "Atención Abierta-Ambulatoria",
        "cut_comuna": "13121",
        "cut_region": "13",
        "cut_provin": "131",
        "nom_region": "Metropolitana de Santiago",
        "nom_provin": "Santiago",
        "nom_comuna": "Pedro Aguirre Cerda",
        "ir_google": "https://www.google.cl/maps/dir//-33.48019,-70.66908",
        "simbologia": "Atención Primaria de Salud (APS)"
      },
      "geometry": {
        "type": "Point",
        "coordinates": [
          -70.66908,
          -33.48019
        ]
      }
    },
    {
      "type": "Feature",
      "properties": {
        "id_orig": 2699.0,
        "cod_ant": "12-318",
        "cod_vig": 112318.0,
        "cod_m_ant": null,
        "cod_m_nuev": null,
        "cod_reg": "13",
        "nom_reg": "Metropolitana de Santiago",
        "cod_dep": "12",
        "dependenc": "Servicio de Salud Metropolitano Oriente",
        "pertenenci": "Perteneciente al Sistema Nacional de Servicios de Salud",
        "tipo": "Centro de Salud Familiar (CESFAM)",
        "ambito": "Establecimiento de Salud",
        "nombre": "Centro de Salud Familiar Lo Hermida",
        "certifi": "Centro de Salud Familiar",
        "dep_adm": "Municipal",
        "nivel": "Primer Nivel",
        "cod_com": "13122",
        "nom_com": "Peñalolén",
        "via": "Calle",
        "numero": "6931",
        "direccion": "Coronel Alejandro Sepúlveda",
        "fono": "229397400",
        "f_inicio": null,
        "urgencia": "NO",
        "tipo_urge": "No Aplica",
        "clas_sapu": "No Aplica",
        "latitud": -33.47694,
        "longitud": -70.56272,
        "prestador": "Público",
        "estado": "Vigente en Operación Habitual",
        "complejida": "Baja Complejidad",
        "tipo_aten": "Atención Abierta-Ambulatoria",
        "cut_comuna": "13122",
        "cut_region": "13",
        "cut_provin": "131",
        "nom_region": "Metropolitana de Santiago",
        "nom_provin": "Santiago",
        "nom_comuna": "Peñalolén",
        "ir_google": "https://www.google.cl/maps/dir//-33.47694,-70.56272",
        "simbologia": "Atención Primaria de Salud (APS)"
      },
      "geometry": {
        "type": "Point",
        "coordinates": [
          -70.56272,
          -33.47694
        ]
      }
    },
    {
      "type": "Feature",
      "properties": {
        "id_orig": 2700.0,
        "cod_ant": "12-316",
        "cod_vig": 112316.0,
        "cod_m_ant": null,
        "cod_m_nuev": null,
        "cod_reg": "13",
        "nom_reg": "Metropolitana de Santiago",
        "cod_dep": "12",
        "dependenc": "Servicio de Salud Metropolitano Oriente",
        "pertenenci": "Perteneciente al Sistema Nacional de Servicios de Salud",
        "tipo": "Centro de Salud Familiar (CESFAM)",
        "ambito": "Establecimiento de Salud",
        "nombre": "Centro de Salud Familiar Carol Urzúa Ibáñez",
        "certifi": "Centro de Salud Familiar",
        "dep_adm": "Municipal",
        "nivel": "Primer Nivel",
        "cod_com": "13122",
        "nom_com": "Peñalolén",
        "via": "Avenida",
        "numero": "1960",
        "direccion": "Consistorial",
        "fono": "229397100",
        "f_inicio": null,
        "urgencia": "NO",
        "tipo_urge": "No Aplica",
        "clas_sapu": "No Aplica",
        "latitud": -33.4769,
        "longitud": -70.543,
        "prestador": "Público",
        "estado": "Vigente en Operación Habitual",
        "complejida": "Baja Complejidad",
        "tipo_aten": "Atención Abierta-Ambulatoria",
        "cut_comuna": "13122",
        "cut_region": "13",
        "cut_provin": "131",
        "nom_region": "Metropolitana de Santiago",
        "nom_provin": "Santiago",
        "nom_comuna": "Peñalolén",
        "ir_google": "https://www.google.cl/maps/dir//-33.4769,-70.543",
        "simbologia": "Atención Primaria de Salud (APS)"
      },
      "geometry": {
        "type": "Point",
        "coordinates": [
          -70.543,
          -33.4769
        ]
      }
    },
    {
      "type": "Feature",
      "properties": {
        "id_orig": 2701.0,
        "cod_ant": "12-313",
        "cod_vig": 112313.0,
        "cod_m_ant": null,
        "cod_m_nuev": null,
        "cod_reg": "13",
        "nom_reg": "Metropolitana de Santiago",
        "cod_dep": "12",
        "dependenc": "Servicio de Salud Metropolitano Oriente",
        "pertenenci": "Perteneciente al Sistema Nacional de Servicios de Salud",
        "tipo": "Centro de Salud Familiar (CESFAM)",
        "ambito": "Establecimiento de Salud",
        "nombre": "Centro de Salud Familiar Santa Julia",
        "certifi": "Centro de Salud Familiar",
        "dep_adm": "Municipal",
        "nivel": "Primer Nivel",
        "cod_com": "13118",
        "nom_com": "Macul",
        "via": "Calle",
        "numero": "2309",
        "direccion": "Santa Julia",
        "fono": "226591713",
        "f_inicio": null,
        "urgencia": "NO",
        "tipo_urge": "No Aplica",
        "clas_sapu": "No Aplica",
        "latitud": -33.47636,
        "longitud": -70.59288,
        "prestador": "Público",
        "estado": "Vigente en Operación Habitual",
        "complejida": "Baja Complejidad",
        "tipo_aten": "Atención Abierta-Ambulatoria",
        "cut_comuna": "13118",
        "cut_region": "13",
        "cut_provin": "131",
        "nom_region": "Metropolitana de Santiago",
        "nom_provin": "Santiago",
        "nom_comuna": "Macul",
        "ir_google": "https://www.google.cl/maps/dir//-33.47636,-70.59288",
        "simbologia": "Atención Primaria de Salud (APS)"
      },
      "geometry": {
        "type": "Point",
        "coordinates": [
          -70.59288,
          -33.47636
        ]
      }
    },
    {
      "type": "Feature",
      "properties": {
        "id_orig": 2707.0,
        "cod_ant": "12-322",
        "cod_vig": 112322.0,
        "cod_m_ant": null,
        "cod_m_nuev": null,
        "cod_reg": "13",
        "nom_reg": "Metropolitana de Santiago",
        "cod_dep": "12",
        "dependenc": "Servicio de Salud Metropolitano Oriente",
        "pertenenci": "Perteneciente al Sistema Nacional de Servicios de Salud",
        "tipo": "Centro de Salud Familiar (CESFAM)",
        "ambito": "Establecimiento de Salud",
        "nombre": "Centro de Salud Familiar Padre Gerardo Whelan",
        "certifi": "Centro de Salud Familiar",
        "dep_adm": "Municipal",
        "nivel": "Primer Nivel",
        "cod_com": "13122",
        "nom_com": "Peñalolén",
        "via": "Avenida",
        "numero": "5960",
        "direccion": "Litoral",
        "fono": "229397600",
        "f_inicio": null,
        "urgencia": "NO",
        "tipo_urge": "No Aplica",
        "clas_sapu": "No Aplica",
        "latitud": -33.47397,
        "longitud": -70.57423,
        "prestador": "Público",
        "estado": "Vigente en Operación Habitual",
        "complejida": "Baja Complejidad",
        "tipo_aten": "Atención Abierta-Ambulatoria",
        "cut_comuna": "13122",
        "cut_region": "13",
        "cut_provin": "131",
        "nom_region": "Metropolitana de Santiago",
        "nom_provin": "Santiago",
        "nom_comuna": "Peñalolén",
        "ir_google": "https://www.google.cl/maps/dir//-33.47397,-70.57423",
        "simbologia": "Atención Primaria de Salud (APS)"
      },
      "geometry": {
        "type": "Point",
        "coordinates": [
          -70.57423,
          -33.47397
        ]
      }
    },
    {
      "type": "Feature",
      "properties": {
        "id_orig": 2708.0,
        "cod_ant": "11-306",
        "cod_vig": 111306.0,
        "cod_m_ant": null,
        "cod_m_nuev": null,
        "cod_reg": "13",
        "nom_reg": "Metropolitana de Santiago",
        "cod_dep": "11",
        "dependenc": "Servicio de Salud Metropolitano Central",
        "pertenenci": "Perteneciente al Sistema Nacional de Servicios de Salud",
        "tipo": "Centro de Salud Familiar (CESFAM)",
        "ambito": "Establecimiento de Salud",
        "nombre": "Centro de Salud Familiar San José de Chuchunco",
        "certifi": "Centro de Salud Familiar",
        "dep_adm": "Servicio de Salud",
        "nivel": "Primer Nivel",
        "cod_com": "13106",
        "nom_com": "Estación Central",
        "via": "Calle",
        "numero": "6025",
        "direccion": "Coihaique",
        "fono": "225746800",
        "f_inicio": null,
        "urgencia": "NO",
        "tipo_urge": "No Aplica",
        "clas_sapu": "No Aplica",
        "latitud": -33.47368,
        "longitud": -70.70598,
        "prestador": "Público",
        "estado": "Vigente en Operación Habitual",
        "complejida": "Baja Complejidad",
        "tipo_aten": "Atención Abierta-Ambulatoria",
        "cut_comuna": "13106",
        "cut_region": "13",
        "cut_provin": "131",
        "nom_region": "Metropolitana de Santiago",
        "nom_provin": "Santiago",
        "nom_comuna": "Estación Central",
        "ir_google": "https://www.google.cl/maps/dir//-33.47368,-70.70598",
        "simbologia": "Atención Primaria de Salud (APS)"
      },
      "geometry": {
        "type": "Point",
        "coordinates": [
          -70.70598,
          -33.47368
        ]
      }
    },
    {
      "type": "Feature",
      "properties": {
        "id_orig": 2712.0,
        "cod_ant": "11-383",
        "cod_vig": 111383.0,
        "cod_m_ant": null,
        "cod_m_nuev": null,
        "cod_reg": "13",
        "nom_reg": "Metropolitana de Santiago",
        "cod_dep": "11",
        "dependenc": "Servicio de Salud Metropolitano Central",
        "pertenenci": "Perteneciente al Sistema Nacional de Servicios de Salud",
        "tipo": "Centro de Salud Familiar (CESFAM)",
        "ambito": "Establecimiento de Salud",
        "nombre": "Centro de Salud Familiar Dr. Luis Ferrada",
        "certifi": "Centro de Salud Familiar",
        "dep_adm": "Municipal",
        "nivel": "Primer Nivel",
        "cod_com": "13119",
        "nom_com": "Maipú",
        "via": "Calle",
        "numero": "5161",
        "direccion": "Tierra Fértil",
        "fono": "226776941",
        "f_inicio": null,
        "urgencia": "NO",
        "tipo_urge": "No Aplica",
        "clas_sapu": "No Aplica",
        "latitud": -33.47317,
        "longitud": -70.75602,
        "prestador": "Público",
        "estado": "Vigente en Operación Habitual",
        "complejida": "Baja Complejidad",
        "tipo_aten": "Atención Abierta-Ambulatoria",
        "cut_comuna": "13119",
        "cut_region": "13",
        "cut_provin": "131",
        "nom_region": "Metropolitana de Santiago",
        "nom_provin": "Santiago",
        "nom_comuna": "Maipú",
        "ir_google": "https://www.google.cl/maps/dir//-33.47317,-70.75602",
        "simbologia": "Atención Primaria de Salud (APS)"
      },
      "geometry": {
        "type": "Point",
        "coordinates": [
          -70.75602,
          -33.47317
        ]
      }
    },
    {
      "type": "Feature",
      "properties": {
        "id_orig": 2714.0,
        "cod_ant": "11-302",
        "cod_vig": 111302.0,
        "cod_m_ant": null,
        "cod_m_nuev": null,
        "cod_reg": "13",
        "nom_reg": "Metropolitana de Santiago",
        "cod_dep": "11",
        "dependenc": "Servicio de Salud Metropolitano Central",
        "pertenenci": "Perteneciente al Sistema Nacional de Servicios de Salud",
        "tipo": "Centro de Salud Familiar (CESFAM)",
        "ambito": "Establecimiento de Salud",
        "nombre": "Centro de Salud Familiar Padre Vicente Irarrázabal",
        "certifi": "Centro de Salud Familiar",
        "dep_adm": "Servicio de Salud",
        "nivel": "Primer Nivel",
        "cod_com": "13106",
        "nom_com": "Estación Central",
        "via": "Calle",
        "numero": "1854",
        "direccion": "21 de Mayo",
        "fono": "225746400",
        "f_inicio": null,
        "urgencia": "NO",
        "tipo_urge": "No Aplica",
        "clas_sapu": "No Aplica",
        "latitud": -33.47284,
        "longitud": -70.69189,
        "prestador": "Público",
        "estado": "Vigente en Operación Habitual",
        "complejida": "Baja Complejidad",
        "tipo_aten": "Atención Abierta-Ambulatoria",
        "cut_comuna": "13106",
        "cut_region": "13",
        "cut_provin": "131",
        "nom_region": "Metropolitana de Santiago",
        "nom_provin": "Santiago",
        "nom_comuna": "Estación Central",
        "ir_google": "https://www.google.cl/maps/dir//-33.47284,-70.69189",
        "simbologia": "Atención Primaria de Salud (APS)"
      },
      "geometry": {
        "type": "Point",
        "coordinates": [
          -70.69189,
          -33.47284
        ]
      }
    },
    {
      "type": "Feature",
      "properties": {
        "id_orig": 2717.0,
        "cod_ant": "12-321",
        "cod_vig": 112321.0,
        "cod_m_ant": null,
        "cod_m_nuev": null,
        "cod_reg": "13",
        "nom_reg": "Metropolitana de Santiago",
        "cod_dep": "12",
        "dependenc": "Servicio de Salud Metropolitano Oriente",
        "pertenenci": "Perteneciente al Sistema Nacional de Servicios de Salud",
        "tipo": "Centro de Salud Familiar (CESFAM)",
        "ambito": "Establecimiento de Salud",
        "nombre": "Centro de Salud Familiar Cardenal Silva Henríquez",
        "certifi": "Centro de Salud Familiar",
        "dep_adm": "Municipal",
        "nivel": "Primer Nivel",
        "cod_com": "13122",
        "nom_com": "Peñalolén",
        "via": "Calle",
        "numero": "1020",
        "direccion": "Río Claro",
        "fono": "229397500",
        "f_inicio": null,
        "urgencia": "NO",
        "tipo_urge": "No Aplica",
        "clas_sapu": "No Aplica",
        "latitud": -33.47039,
        "longitud": -70.53223,
        "prestador": "Público",
        "estado": "Vigente en Operación Habitual",
        "complejida": "Baja Complejidad",
        "tipo_aten": "Atención Abierta-Ambulatoria",
        "cut_comuna": "13122",
        "cut_region": "13",
        "cut_provin": "131",
        "nom_region": "Metropolitana de Santiago",
        "nom_provin": "Santiago",
        "nom_comuna": "Peñalolén",
        "ir_google": "https://www.google.cl/maps/dir//-33.47039,-70.53223",
        "simbologia": "Atención Primaria de Salud (APS)"
      },
      "geometry": {
        "type": "Point",
        "coordinates": [
          -70.53223,
          -33.47039
        ]
      }
    },
    {
      "type": "Feature",
      "properties": {
        "id_orig": 2721.0,
        "cod_ant": "12-310",
        "cod_vig": 112310.0,
        "cod_m_ant": null,
        "cod_m_nuev": null,
        "cod_reg": "13",
        "nom_reg": "Metropolitana de Santiago",
        "cod_dep": "12",
        "dependenc": "Servicio de Salud Metropolitano Oriente",
        "pertenenci": "Perteneciente al Sistema Nacional de Servicios de Salud",
        "tipo": "Centro de Salud Familiar (CESFAM)",
        "ambito": "Establecimiento de Salud",
        "nombre": "Centro de Salud Familiar Rosita Renard",
        "certifi": "Centro de Salud Familiar",
        "dep_adm": "Municipal",
        "nivel": "Primer Nivel",
        "cod_com": "13120",
        "nom_com": "Ñuñoa",
        "via": "Calle",
        "numero": "2801",
        "direccion": "Las Encinas",
        "fono": "225751100",
        "f_inicio": null,
        "urgencia": "NO",
        "tipo_urge": "No Aplica",
        "clas_sapu": "No Aplica",
        "latitud": -33.46924,
        "longitud": -70.6029,
        "prestador": "Público",
        "estado": "Vigente en Operación Habitual",
        "complejida": "Baja Complejidad",
        "tipo_aten": "Atención Abierta-Ambulatoria",
        "cut_comuna": "13120",
        "cut_region": "13",
        "cut_provin": "131",
        "nom_region": "Metropolitana de Santiago",
        "nom_provin": "Santiago",
        "nom_comuna": "Ñuñoa",
        "ir_google": "https://www.google.cl/maps/dir//-33.46924,-70.6029",
        "simbologia": "Atención Primaria de Salud (APS)"
      },
      "geometry": {
        "type": "Point",
        "coordinates": [
          -70.6029,
          -33.46924
        ]
      }
    },
    {
      "type": "Feature",
      "properties": {
        "id_orig": 2724.0,
        "cod_ant": "11-372",
        "cod_vig": 111372.0,
        "cod_m_ant": null,
        "cod_m_nuev": null,
        "cod_reg": "13",
        "nom_reg": "Metropolitana de Santiago",
        "cod_dep": "11",
        "dependenc": "Servicio de Salud Metropolitano Central",
        "pertenenci": "Perteneciente al Sistema Nacional de Servicios de Salud",
        "tipo": "Centro de Salud Familiar (CESFAM)",
        "ambito": "Establecimiento de Salud",
        "nombre": "Centro de Salud Familiar Arauco",
        "certifi": "Centro de Salud Familiar",
        "dep_adm": "Municipal",
        "nivel": "Primer Nivel",
        "cod_com": "13101",
        "nom_com": "Santiago",
        "via": "Calle",
        "numero": "3288",
        "direccion": "Sepúlveda Leyton",
        "fono": null,
        "f_inicio": null,
        "urgencia": "NO",
        "tipo_urge": "No Aplica",
        "clas_sapu": "No Aplica",
        "latitud": -33.46803,
        "longitud": -70.67045,
        "prestador": "Público",
        "estado": "Vigente en Operación Habitual",
        "complejida": "Baja Complejidad",
        "tipo_aten": "Atención Abierta-Ambulatoria",
        "cut_comuna": "13101",
        "cut_region": "13",
        "cut_provin": "131",
        "nom_region": "Metropolitana de Santiago",
        "nom_provin": "Santiago",
        "nom_comuna": "Santiago",
        "ir_google": "https://www.google.cl/maps/dir//-33.46803,-70.67045",
        "simbologia": "Atención Primaria de Salud (APS)"
      },
      "geometry": {
        "type": "Point",
        "coordinates": [
          -70.67045,
          -33.46803
        ]
      }
    },
    {
      "type": "Feature",
      "properties": {
        "id_orig": 2725.0,
        "cod_ant": "12-314",
        "cod_vig": 112314.0,
        "cod_m_ant": null,
        "cod_m_nuev": null,
        "cod_reg": "13",
        "nom_reg": "Metropolitana de Santiago",
        "cod_dep": "12",
        "dependenc": "Servicio de Salud Metropolitano Oriente",
        "pertenenci": "Perteneciente al Sistema Nacional de Servicios de Salud",
        "tipo": "Centro de Salud Familiar (CESFAM)",
        "ambito": "Establecimiento de Salud",
        "nombre": "Centro de Salud Familiar La Faena",
        "certifi": "Centro de Salud Familiar",
        "dep_adm": "Municipal",
        "nivel": "Primer Nivel",
        "cod_com": "13122",
        "nom_com": "Peñalolén",
        "via": "Avenida",
        "numero": "7250",
        "direccion": "Oriental",
        "fono": "229397200",
        "f_inicio": null,
        "urgencia": "NO",
        "tipo_urge": "No Aplica",
        "clas_sapu": "No Aplica",
        "latitud": -33.46793,
        "longitud": -70.55601,
        "prestador": "Público",
        "estado": "Vigente en Operación Habitual",
        "complejida": "Baja Complejidad",
        "tipo_aten": "Atención Abierta-Ambulatoria",
        "cut_comuna": "13122",
        "cut_region": "13",
        "cut_provin": "131",
        "nom_region": "Metropolitana de Santiago",
        "nom_provin": "Santiago",
        "nom_comuna": "Peñalolén",
        "ir_google": "https://www.google.cl/maps/dir//-33.46793,-70.55601",
        "simbologia": "Atención Primaria de Salud (APS)"
      },
      "geometry": {
        "type": "Point",
        "coordinates": [
          -70.55601,
          -33.46793
        ]
      }
    },
    {
      "type": "Feature",
      "properties": {
        "id_orig": 2728.0,
        "cod_ant": "11-370",
        "cod_vig": 111370.0,
        "cod_m_ant": null,
        "cod_m_nuev": null,
        "cod_reg": "13",
        "nom_reg": "Metropolitana de Santiago",
        "cod_dep": "11",
        "dependenc": "Servicio de Salud Metropolitano Central",
        "pertenenci": "Perteneciente al Sistema Nacional de Servicios de Salud",
        "tipo": "Centro de Salud Familiar (CESFAM)",
        "ambito": "Establecimiento de Salud",
        "nombre": "Centro de Salud Familiar Padre Orellana",
        "certifi": "Centro de Salud Familiar",
        "dep_adm": "Municipal",
        "nivel": "Primer Nivel",
        "cod_com": "13101",
        "nom_com": "Santiago",
        "via": "Calle",
        "numero": "1706",
        "direccion": "Padre Orellana",
        "fono": "225443335",
        "f_inicio": null,
        "urgencia": "NO",
        "tipo_urge": "No Aplica",
        "clas_sapu": "No Aplica",
        "latitud": -33.468114,
        "longitud": -70.642536,
        "prestador": "Público",
        "estado": "Vigente en Operación Habitual",
        "complejida": "Baja Complejidad",
        "tipo_aten": "Atención Abierta-Ambulatoria",
        "cut_comuna": "13101",
        "cut_region": "13",
        "cut_provin": "131",
        "nom_region": "Metropolitana de Santiago",
        "nom_provin": "Santiago",
        "nom_comuna": "Santiago",
        "ir_google": "https://www.google.cl/maps/dir//-33.468114,-70.642536",
        "simbologia": "Atención Primaria de Salud (APS)"
      },
      "geometry": {
        "type": "Point",
        "coordinates": [
          -70.642536,
          -33.468114
        ]
      }
    },
    {
      "type": "Feature",
      "properties": {
        "id_orig": 2729.0,
        "cod_ant": "12-311",
        "cod_vig": 112311.0,
        "cod_m_ant": null,
        "cod_m_nuev": null,
        "cod_reg": "13",
        "nom_reg": "Metropolitana de Santiago",
        "cod_dep": "12",
        "dependenc": "Servicio de Salud Metropolitano Oriente",
        "pertenenci": "Perteneciente al Sistema Nacional de Servicios de Salud",
        "tipo": "Centro de Salud Familiar (CESFAM)",
        "ambito": "Establecimiento de Salud",
        "nombre": "Centro de Salud Familiar Salvador Bustos",
        "certifi": "Centro de Salud Familiar",
        "dep_adm": "Municipal",
        "nivel": "Primer Nivel",
        "cod_com": "13120",
        "nom_com": "Ñuñoa",
        "via": "Avenida",
        "numero": "4369",
        "direccion": "Grecia",
        "fono": "225752450",
        "f_inicio": null,
        "urgencia": "NO",
        "tipo_urge": "No Aplica",
        "clas_sapu": "No Aplica",
        "latitud": -33.466,
        "longitud": -70.58777,
        "prestador": "Público",
        "estado": "Vigente en Operación Habitual",
        "complejida": "Baja Complejidad",
        "tipo_aten": "Atención Abierta-Ambulatoria",
        "cut_comuna": "13120",
        "cut_region": "13",
        "cut_provin": "131",
        "nom_region": "Metropolitana de Santiago",
        "nom_provin": "Santiago",
        "nom_comuna": "Ñuñoa",
        "ir_google": "https://www.google.cl/maps/dir//-33.466,-70.58777",
        "simbologia": "Atención Primaria de Salud (APS)"
      },
      "geometry": {
        "type": "Point",
        "coordinates": [
          -70.58777,
          -33.466
        ]
      }
    },
    {
      "type": "Feature",
      "properties": {
        "id_orig": 2743.0,
        "cod_ant": "10-352",
        "cod_vig": 110352.0,
        "cod_m_ant": null,
        "cod_m_nuev": null,
        "cod_reg": "13",
        "nom_reg": "Metropolitana de Santiago",
        "cod_dep": "10",
        "dependenc": "Servicio de Salud Metropolitano Occidente",
        "pertenenci": "Perteneciente al Sistema Nacional de Servicios de Salud",
        "tipo": "Centro de Salud Familiar (CESFAM)",
        "ambito": "Establecimiento de Salud",
        "nombre": "Centro de Salud Familiar Dr. Gustavo Molina",
        "certifi": "Centro de Salud Familiar",
        "dep_adm": "Municipal",
        "nivel": "Primer Nivel",
        "cod_com": "13124",
        "nom_com": "Pudahuel",
        "via": "Calle",
        "numero": "8759",
        "direccion": "Laguna Sur",
        "fono": "225743950",
        "f_inicio": null,
        "urgencia": "NO",
        "tipo_urge": "No Aplica",
        "clas_sapu": "No Aplica",
        "latitud": -33.45813,
        "longitud": -70.76084,
        "prestador": "Público",
        "estado": "Vigente en Operación Habitual",
        "complejida": "Baja Complejidad",
        "tipo_aten": "Atención Abierta-Ambulatoria",
        "cut_comuna": "13124",
        "cut_region": "13",
        "cut_provin": "131",
        "nom_region": "Metropolitana de Santiago",
        "nom_provin": "Santiago",
        "nom_comuna": "Pudahuel",
        "ir_google": "https://www.google.cl/maps/dir//-33.45813,-70.76084",
        "simbologia": "Atención Primaria de Salud (APS)"
      },
      "geometry": {
        "type": "Point",
        "coordinates": [
          -70.76084,
          -33.45813
        ]
      }
    },
    {
      "type": "Feature",
      "properties": {
        "id_orig": 2748.0,
        "cod_ant": "10-354",
        "cod_vig": 110354.0,
        "cod_m_ant": null,
        "cod_m_nuev": null,
        "cod_reg": "13",
        "nom_reg": "Metropolitana de Santiago",
        "cod_dep": "10",
        "dependenc": "Servicio de Salud Metropolitano Occidente",
        "pertenenci": "Perteneciente al Sistema Nacional de Servicios de Salud",
        "tipo": "Centro de Salud Familiar (CESFAM)",
        "ambito": "Establecimiento de Salud",
        "nombre": "Centro de Salud Familiar Violeta Parra",
        "certifi": "Centro de Salud Familiar",
        "dep_adm": "Municipal",
        "nivel": "Primer Nivel",
        "cod_com": "13124",
        "nom_com": "Pudahuel",
        "via": "Avenida",
        "numero": "7447",
        "direccion": "Travesía",
        "fono": "227490363",
        "f_inicio": null,
        "urgencia": "NO",
        "tipo_urge": "No Aplica",
        "clas_sapu": "No Aplica",
        "latitud": -33.45694,
        "longitud": -70.74275,
        "prestador": "Público",
        "estado": "Vigente en Operación Habitual",
        "complejida": "Baja Complejidad",
        "tipo_aten": "Atención Abierta-Ambulatoria",
        "cut_comuna": "13124",
        "cut_region": "13",
        "cut_provin": "131",
        "nom_region": "Metropolitana de Santiago",
        "nom_provin": "Santiago",
        "nom_comuna": "Pudahuel",
        "ir_google": "https://www.google.cl/maps/dir//-33.45694,-70.74275",
        "simbologia": "Atención Primaria de Salud (APS)"
      },
      "geometry": {
        "type": "Point",
        "coordinates": [
          -70.74275,
          -33.45694
        ]
      }
    },
    {
      "type": "Feature",
      "properties": {
        "id_orig": 2750.0,
        "cod_ant": "12-320",
        "cod_vig": 112320.0,
        "cod_m_ant": null,
        "cod_m_nuev": null,
        "cod_reg": "13",
        "nom_reg": "Metropolitana de Santiago",
        "cod_dep": "12",
        "dependenc": "Servicio de Salud Metropolitano Oriente",
        "pertenenci": "Perteneciente al Sistema Nacional de Servicios de Salud",
        "tipo": "Centro de Salud Familiar (CESFAM)",
        "ambito": "Establecimiento de Salud",
        "nombre": "Centro de Salud Familiar Juan Pablo II ( La Reina)",
        "certifi": "Centro de Salud Familiar",
        "dep_adm": "Municipal",
        "nivel": "Primer Nivel",
        "cod_com": "13113",
        "nom_com": "La Reina",
        "via": "Calle",
        "numero": "440",
        "direccion": "Parinacota",
        "fono": "224816388",
        "f_inicio": null,
        "urgencia": "NO",
        "tipo_urge": "No Aplica",
        "clas_sapu": "No Aplica",
        "latitud": -33.45686,
        "longitud": -70.53265,
        "prestador": "Público",
        "estado": "Vigente en Operación Habitual",
        "complejida": "Baja Complejidad",
        "tipo_aten": "Atención Abierta-Ambulatoria",
        "cut_comuna": "13113",
        "cut_region": "13",
        "cut_provin": "131",
        "nom_region": "Metropolitana de Santiago",
        "nom_provin": "Santiago",
        "nom_comuna": "La Reina",
        "ir_google": "https://www.google.cl/maps/dir//-33.45686,-70.53265",
        "simbologia": "Atención Primaria de Salud (APS)"
      },
      "geometry": {
        "type": "Point",
        "coordinates": [
          -70.53265,
          -33.45686
        ]
      }
    },
    {
      "type": "Feature",
      "properties": {
        "id_orig": 2759.0,
        "cod_ant": "11-300",
        "cod_vig": 111300.0,
        "cod_m_ant": null,
        "cod_m_nuev": null,
        "cod_reg": "13",
        "nom_reg": "Metropolitana de Santiago",
        "cod_dep": "11",
        "dependenc": "Servicio de Salud Metropolitano Central",
        "pertenenci": "Perteneciente al Sistema Nacional de Servicios de Salud",
        "tipo": "Centro de Salud Familiar (CESFAM)",
        "ambito": "Establecimiento de Salud",
        "nombre": "Centro de Salud Familiar N° 1 Dr. Ramón Corbalán Melgarejo",
        "certifi": "Centro de Salud Familiar",
        "dep_adm": "Servicio de Salud",
        "nivel": "Primer Nivel",
        "cod_com": "13101",
        "nom_com": "Santiago",
        "via": "Calle",
        "numero": "1323",
        "direccion": "Copiapó",
        "fono": "800500357",
        "f_inicio": null,
        "urgencia": "NO",
        "tipo_urge": "No Aplica",
        "clas_sapu": "No Aplica",
        "latitud": -33.45544,
        "longitud": -70.65273,
        "prestador": "Público",
        "estado": "Vigente en Operación Habitual",
        "complejida": "Baja Complejidad",
        "tipo_aten": "Atención Abierta-Ambulatoria",
        "cut_comuna": "13101",
        "cut_region": "13",
        "cut_provin": "131",
        "nom_region": "Metropolitana de Santiago",
        "nom_provin": "Santiago",
        "nom_comuna": "Santiago",
        "ir_google": "https://www.google.cl/maps/dir//-33.45544,-70.65273",
        "simbologia": "Atención Primaria de Salud (APS)"
      },
      "geometry": {
        "type": "Point",
        "coordinates": [
          -70.65273,
          -33.45544
        ]
      }
    },
    {
      "type": "Feature",
      "properties": {
        "id_orig": 2779.0,
        "cod_ant": "11-310",
        "cod_vig": 111310.0,
        "cod_m_ant": null,
        "cod_m_nuev": null,
        "cod_reg": "13",
        "nom_reg": "Metropolitana de Santiago",
        "cod_dep": "11",
        "dependenc": "Servicio de Salud Metropolitano Central",
        "pertenenci": "Perteneciente al Sistema Nacional de Servicios de Salud",
        "tipo": "Centro de Salud Familiar (CESFAM)",
        "ambito": "Establecimiento de Salud",
        "nombre": "Centro de Salud Familiar Las Mercedes",
        "certifi": "Centro de Salud Familiar",
        "dep_adm": "Servicio de Salud",
        "nivel": "Primer Nivel",
        "cod_com": "13106",
        "nom_com": "Estación Central",
        "via": "Calle",
        "numero": "5020",
        "direccion": "Embajador Quintana",
        "fono": null,
        "f_inicio": null,
        "urgencia": "NO",
        "tipo_urge": "No Aplica",
        "clas_sapu": "No Aplica",
        "latitud": -33.45198,
        "longitud": -70.70393,
        "prestador": "Público",
        "estado": "Vigente en Operación Habitual",
        "complejida": "Baja Complejidad",
        "tipo_aten": "Atención Abierta-Ambulatoria",
        "cut_comuna": "13106",
        "cut_region": "13",
        "cut_provin": "131",
        "nom_region": "Metropolitana de Santiago",
        "nom_provin": "Santiago",
        "nom_comuna": "Estación Central",
        "ir_google": "https://www.google.cl/maps/dir//-33.45198,-70.70393",
        "simbologia": "Atención Primaria de Salud (APS)"
      },
      "geometry": {
        "type": "Point",
        "coordinates": [
          -70.70393,
          -33.45198
        ]
      }
    },
    {
      "type": "Feature",
      "properties": {
        "id_orig": 2780.0,
        "cod_ant": "10-340",
        "cod_vig": 110340.0,
        "cod_m_ant": null,
        "cod_m_nuev": null,
        "cod_reg": "13",
        "nom_reg": "Metropolitana de Santiago",
        "cod_dep": "10",
        "dependenc": "Servicio de Salud Metropolitano Occidente",
        "pertenenci": "Perteneciente al Sistema Nacional de Servicios de Salud",
        "tipo": "Centro de Salud Familiar (CESFAM)",
        "ambito": "Establecimiento de Salud",
        "nombre": "Centro de Salud Familiar Dr. Raúl Yazigi",
        "certifi": "Centro de Salud Familiar",
        "dep_adm": "Municipal",
        "nivel": "Primer Nivel",
        "cod_com": "13117",
        "nom_com": "Lo Prado",
        "via": "Calle",
        "numero": "214",
        "direccion": "Caleta Iquique",
        "fono": "800500256",
        "f_inicio": null,
        "urgencia": "NO",
        "tipo_urge": "No Aplica",
        "clas_sapu": "No Aplica",
        "latitud": -33.45176,
        "longitud": -70.71605,
        "prestador": "Público",
        "estado": "Vigente en Operación Habitual",
        "complejida": "Baja Complejidad",
        "tipo_aten": "Atención Abierta-Ambulatoria",
        "cut_comuna": "13117",
        "cut_region": "13",
        "cut_provin": "131",
        "nom_region": "Metropolitana de Santiago",
        "nom_provin": "Santiago",
        "nom_comuna": "Lo Prado",
        "ir_google": "https://www.google.cl/maps/dir//-33.45176,-70.71605",
        "simbologia": "Atención Primaria de Salud (APS)"
      },
      "geometry": {
        "type": "Point",
        "coordinates": [
          -70.71605,
          -33.45176
        ]
      }
    },
    {
      "type": "Feature",
      "properties": {
        "id_orig": 2783.0,
        "cod_ant": "11-301",
        "cod_vig": 111301.0,
        "cod_m_ant": null,
        "cod_m_nuev": null,
        "cod_reg": "13",
        "nom_reg": "Metropolitana de Santiago",
        "cod_dep": "11",
        "dependenc": "Servicio de Salud Metropolitano Central",
        "pertenenci": "Perteneciente al Sistema Nacional de Servicios de Salud",
        "tipo": "Centro de Salud Familiar (CESFAM)",
        "ambito": "Establecimiento de Salud",
        "nombre": "Centro de Salud Familiar Nº 5",
        "certifi": "Centro de Salud Familiar",
        "dep_adm": "Servicio de Salud",
        "nivel": "Primer Nivel",
        "cod_com": "13101",
        "nom_com": "Santiago",
        "via": "Calle",
        "numero": "98",
        "direccion": "Unión Latinoamericana",
        "fono": "225748400",
        "f_inicio": null,
        "urgencia": "NO",
        "tipo_urge": "No Aplica",
        "clas_sapu": "No Aplica",
        "latitud": -33.45118,
        "longitud": -70.67377,
        "prestador": "Público",
        "estado": "Vigente en Operación Habitual",
        "complejida": "Baja Complejidad",
        "tipo_aten": "Atención Abierta-Ambulatoria",
        "cut_comuna": "13101",
        "cut_region": "13",
        "cut_provin": "131",
        "nom_region": "Metropolitana de Santiago",
        "nom_provin": "Santiago",
        "nom_comuna": "Santiago",
        "ir_google": "https://www.google.cl/maps/dir//-33.45118,-70.67377",
        "simbologia": "Atención Primaria de Salud (APS)"
      },
      "geometry": {
        "type": "Point",
        "coordinates": [
          -70.67377,
          -33.45118
        ]
      }
    },
    {
      "type": "Feature",
      "properties": {
        "id_orig": 2789.0,
        "cod_ant": "10-316",
        "cod_vig": 110316.0,
        "cod_m_ant": null,
        "cod_m_nuev": null,
        "cod_reg": "13",
        "nom_reg": "Metropolitana de Santiago",
        "cod_dep": "10",
        "dependenc": "Servicio de Salud Metropolitano Occidente",
        "pertenenci": "Perteneciente al Sistema Nacional de Servicios de Salud",
        "tipo": "Centro de Salud Familiar (CESFAM)",
        "ambito": "Establecimiento de Salud",
        "nombre": "Centro de Salud Familiar Pablo Neruda",
        "certifi": "Centro de Salud Familiar",
        "dep_adm": "Municipal",
        "nivel": "Primer Nivel",
        "cod_com": "13117",
        "nom_com": "Lo Prado",
        "via": "Calle",
        "numero": "6741",
        "direccion": "Dorsal",
        "fono": "225751450",
        "f_inicio": null,
        "urgencia": "NO",
        "tipo_urge": "No Aplica",
        "clas_sapu": "No Aplica",
        "latitud": -33.45,
        "longitud": -70.73009,
        "prestador": "Público",
        "estado": "Vigente en Operación Habitual",
        "complejida": "Baja Complejidad",
        "tipo_aten": "Atención Abierta-Ambulatoria",
        "cut_comuna": "13117",
        "cut_region": "13",
        "cut_provin": "131",
        "nom_region": "Metropolitana de Santiago",
        "nom_provin": "Santiago",
        "nom_comuna": "Lo Prado",
        "ir_google": "https://www.google.cl/maps/dir//-33.45,-70.73009",
        "simbologia": "Atención Primaria de Salud (APS)"
      },
      "geometry": {
        "type": "Point",
        "coordinates": [
          -70.73009,
          -33.45
        ]
      }
    },
    {
      "type": "Feature",
      "properties": {
        "id_orig": 2799.0,
        "cod_ant": "10-351",
        "cod_vig": 110351.0,
        "cod_m_ant": null,
        "cod_m_nuev": null,
        "cod_reg": "13",
        "nom_reg": "Metropolitana de Santiago",
        "cod_dep": "10",
        "dependenc": "Servicio de Salud Metropolitano Occidente",
        "pertenenci": "Perteneciente al Sistema Nacional de Servicios de Salud",
        "tipo": "Centro de Salud Familiar (CESFAM)",
        "ambito": "Establecimiento de Salud",
        "nombre": "Centro de Salud Familiar Pudahuel Poniente",
        "certifi": "Centro de Salud Familiar",
        "dep_adm": "Municipal",
        "nivel": "Primer Nivel",
        "cod_com": "13124",
        "nom_com": "Pudahuel",
        "via": "Calle",
        "numero": "620",
        "direccion": "Federico Errázuriz",
        "fono": "225745103",
        "f_inicio": null,
        "urgencia": "NO",
        "tipo_urge": "No Aplica",
        "clas_sapu": "No Aplica",
        "latitud": -33.44743,
        "longitud": -70.76289,
        "prestador": "Público",
        "estado": "Vigente en Operación Habitual",
        "complejida": "Baja Complejidad",
        "tipo_aten": "Atención Abierta-Ambulatoria",
        "cut_comuna": "13124",
        "cut_region": "13",
        "cut_provin": "131",
        "nom_region": "Metropolitana de Santiago",
        "nom_provin": "Santiago",
        "nom_comuna": "Pudahuel",
        "ir_google": "https://www.google.cl/maps/dir//-33.44743,-70.76289",
        "simbologia": "Atención Primaria de Salud (APS)"
      },
      "geometry": {
        "type": "Point",
        "coordinates": [
          -70.76289,
          -33.44743
        ]
      }
    },
    {
      "type": "Feature",
      "properties": {
        "id_orig": 2811.0,
        "cod_ant": "12-301",
        "cod_vig": 112301.0,
        "cod_m_ant": null,
        "cod_m_nuev": null,
        "cod_reg": "13",
        "nom_reg": "Metropolitana de Santiago",
        "cod_dep": "12",
        "dependenc": "Servicio de Salud Metropolitano Oriente",
        "pertenenci": "Perteneciente al Sistema Nacional de Servicios de Salud",
        "tipo": "Centro de Salud Familiar (CESFAM)",
        "ambito": "Establecimiento de Salud",
        "nombre": "Centro de Salud Familiar Dr. Hernán Alessandri",
        "certifi": "Centro de Salud Familiar",
        "dep_adm": "Municipal",
        "nivel": "Primer Nivel",
        "cod_com": "13123",
        "nom_com": "Providencia",
        "via": "Calle",
        "numero": "857",
        "direccion": "Los Jesuitas",
        "fono": "227064300",
        "f_inicio": null,
        "urgencia": "NO",
        "tipo_urge": "No Aplica",
        "clas_sapu": "No Aplica",
        "latitud": -33.44423,
        "longitud": -70.62043,
        "prestador": "Público",
        "estado": "Vigente en Operación Habitual",
        "complejida": "Baja Complejidad",
        "tipo_aten": "Atención Abierta-Ambulatoria",
        "cut_comuna": "13123",
        "cut_region": "13",
        "cut_provin": "131",
        "nom_region": "Metropolitana de Santiago",
        "nom_provin": "Santiago",
        "nom_comuna": "Providencia",
        "ir_google": "https://www.google.cl/maps/dir//-33.44423,-70.62043",
        "simbologia": "Atención Primaria de Salud (APS)"
      },
      "geometry": {
        "type": "Point",
        "coordinates": [
          -70.62043,
          -33.44423
        ]
      }
    },
    {
      "type": "Feature",
      "properties": {
        "id_orig": 2829.0,
        "cod_ant": "12-317",
        "cod_vig": 112317.0,
        "cod_m_ant": null,
        "cod_m_nuev": null,
        "cod_reg": "13",
        "nom_reg": "Metropolitana de Santiago",
        "cod_dep": "12",
        "dependenc": "Servicio de Salud Metropolitano Oriente",
        "pertenenci": "Perteneciente al Sistema Nacional de Servicios de Salud",
        "tipo": "Centro de Salud Familiar (CESFAM)",
        "ambito": "Establecimiento de Salud",
        "nombre": "Centro de Salud Familiar Ossandon",
        "certifi": "Centro de Salud Familiar",
        "dep_adm": "Municipal",
        "nivel": "Primer Nivel",
        "cod_com": "13113",
        "nom_com": "La Reina",
        "via": "Calle",
        "numero": "8419",
        "direccion": "Echenique",
        "fono": "226517295",
        "f_inicio": null,
        "urgencia": "NO",
        "tipo_urge": "No Aplica",
        "clas_sapu": "No Aplica",
        "latitud": -33.44286,
        "longitud": -70.54447,
        "prestador": "Público",
        "estado": "Vigente en Operación Habitual",
        "complejida": "Baja Complejidad",
        "tipo_aten": "Atención Abierta-Ambulatoria",
        "cut_comuna": "13113",
        "cut_region": "13",
        "cut_provin": "131",
        "nom_region": "Metropolitana de Santiago",
        "nom_provin": "Santiago",
        "nom_comuna": "La Reina",
        "ir_google": "https://www.google.cl/maps/dir//-33.44286,-70.54447",
        "simbologia": "Atención Primaria de Salud (APS)"
      },
      "geometry": {
        "type": "Point",
        "coordinates": [
          -70.54447,
          -33.44286
        ]
      }
    },
    {
      "type": "Feature",
      "properties": {
        "id_orig": 2830.0,
        "cod_ant": "12-303",
        "cod_vig": 112303.0,
        "cod_m_ant": null,
        "cod_m_nuev": null,
        "cod_reg": "13",
        "nom_reg": "Metropolitana de Santiago",
        "cod_dep": "12",
        "dependenc": "Servicio de Salud Metropolitano Oriente",
        "pertenenci": "Perteneciente al Sistema Nacional de Servicios de Salud",
        "tipo": "Centro de Salud Familiar (CESFAM)",
        "ambito": "Establecimiento de Salud",
        "nombre": "Centro de Salud Familiar Aguilucho",
        "certifi": "Centro de Salud Familiar",
        "dep_adm": "Municipal",
        "nivel": "Primer Nivel",
        "cod_com": "13123",
        "nom_com": "Providencia",
        "via": "Calle",
        "numero": "3292",
        "direccion": "El Aguilucho",
        "fono": "222743516",
        "f_inicio": null,
        "urgencia": "NO",
        "tipo_urge": "No Aplica",
        "clas_sapu": "No Aplica",
        "latitud": -33.44267,
        "longitud": -70.5971,
        "prestador": "Público",
        "estado": "Vigente en Operación Habitual",
        "complejida": "Baja Complejidad",
        "tipo_aten": "Atención Abierta-Ambulatoria",
        "cut_comuna": "13123",
        "cut_region": "13",
        "cut_provin": "131",
        "nom_region": "Metropolitana de Santiago",
        "nom_provin": "Santiago",
        "nom_comuna": "Providencia",
        "ir_google": "https://www.google.cl/maps/dir//-33.44267,-70.5971",
        "simbologia": "Atención Primaria de Salud (APS)"
      },
      "geometry": {
        "type": "Point",
        "coordinates": [
          -70.5971,
          -33.44267
        ]
      }
    },
    {
      "type": "Feature",
      "properties": {
        "id_orig": 2858.0,
        "cod_ant": "10-315",
        "cod_vig": 110315.0,
        "cod_m_ant": null,
        "cod_m_nuev": null,
        "cod_reg": "13",
        "nom_reg": "Metropolitana de Santiago",
        "cod_dep": "10",
        "dependenc": "Servicio de Salud Metropolitano Occidente",
        "pertenenci": "Perteneciente al Sistema Nacional de Servicios de Salud",
        "tipo": "Centro de Salud Familiar (CESFAM)",
        "ambito": "Establecimiento de Salud",
        "nombre": "Centro de Salud Familiar Santa Anita",
        "certifi": "Centro de Salud Familiar",
        "dep_adm": "Municipal",
        "nivel": "Primer Nivel",
        "cod_com": "13117",
        "nom_com": "Lo Prado",
        "via": "Calle",
        "numero": "5302",
        "direccion": "Camino de Loyola",
        "fono": "225743051",
        "f_inicio": null,
        "urgencia": "NO",
        "tipo_urge": "No Aplica",
        "clas_sapu": "No Aplica",
        "latitud": -33.43929,
        "longitud": -70.7093,
        "prestador": "Público",
        "estado": "Vigente en Operación Habitual",
        "complejida": "Baja Complejidad",
        "tipo_aten": "Atención Abierta-Ambulatoria",
        "cut_comuna": "13117",
        "cut_region": "13",
        "cut_provin": "131",
        "nom_region": "Metropolitana de Santiago",
        "nom_provin": "Santiago",
        "nom_comuna": "Lo Prado",
        "ir_google": "https://www.google.cl/maps/dir//-33.43929,-70.7093",
        "simbologia": "Atención Primaria de Salud (APS)"
      },
      "geometry": {
        "type": "Point",
        "coordinates": [
          -70.7093,
          -33.43929
        ]
      }
    },
    {
      "type": "Feature",
      "properties": {
        "id_orig": 2862.0,
        "cod_ant": "11-381",
        "cod_vig": 111381.0,
        "cod_m_ant": null,
        "cod_m_nuev": null,
        "cod_reg": "13",
        "nom_reg": "Metropolitana de Santiago",
        "cod_dep": "11",
        "dependenc": "Servicio de Salud Metropolitano Central",
        "pertenenci": "Perteneciente al Sistema Nacional de Servicios de Salud",
        "tipo": "Centro de Salud Familiar (CESFAM)",
        "ambito": "Establecimiento de Salud",
        "nombre": "Centro de Salud Familiar Ignacio Domeyko",
        "certifi": "Centro de Salud Familiar",
        "dep_adm": "Municipal",
        "nivel": "Primer Nivel",
        "cod_com": "13101",
        "nom_com": "Santiago",
        "via": "Calle",
        "numero": "543",
        "direccion": "Cueto",
        "fono": "225747650",
        "f_inicio": null,
        "urgencia": "NO",
        "tipo_urge": "No Aplica",
        "clas_sapu": "No Aplica",
        "latitud": -33.43892,
        "longitud": -70.67247,
        "prestador": "Público",
        "estado": "Vigente en Operación Habitual",
        "complejida": "Baja Complejidad",
        "tipo_aten": "Atención Abierta-Ambulatoria",
        "cut_comuna": "13101",
        "cut_region": "13",
        "cut_provin": "131",
        "nom_region": "Metropolitana de Santiago",
        "nom_provin": "Santiago",
        "nom_comuna": "Santiago",
        "ir_google": "https://www.google.cl/maps/dir//-33.43892,-70.67247",
        "simbologia": "Atención Primaria de Salud (APS)"
      },
      "geometry": {
        "type": "Point",
        "coordinates": [
          -70.67247,
          -33.43892
        ]
      }
    },
    {
      "type": "Feature",
      "properties": {
        "id_orig": 2883.0,
        "cod_ant": "10-350",
        "cod_vig": 110350.0,
        "cod_m_ant": null,
        "cod_m_nuev": null,
        "cod_reg": "13",
        "nom_reg": "Metropolitana de Santiago",
        "cod_dep": "10",
        "dependenc": "Servicio de Salud Metropolitano Occidente",
        "pertenenci": "Perteneciente al Sistema Nacional de Servicios de Salud",
        "tipo": "Centro de Salud Familiar (CESFAM)",
        "ambito": "Establecimiento de Salud",
        "nombre": "Centro de Salud Familiar Pudahuel Estrella",
        "certifi": "Centro de Salud Familiar",
        "dep_adm": "Municipal",
        "nivel": "Primer Nivel",
        "cod_com": "13124",
        "nom_com": "Pudahuel",
        "via": "Avenida",
        "numero": "8698",
        "direccion": "San Francisco",
        "fono": "225744150",
        "f_inicio": null,
        "urgencia": "NO",
        "tipo_urge": "No Aplica",
        "clas_sapu": "No Aplica",
        "latitud": -33.43739,
        "longitud": -70.75067,
        "prestador": "Público",
        "estado": "Vigente en Operación Habitual",
        "complejida": "Baja Complejidad",
        "tipo_aten": "Atención Abierta-Ambulatoria",
        "cut_comuna": "13124",
        "cut_region": "13",
        "cut_provin": "131",
        "nom_region": "Metropolitana de Santiago",
        "nom_provin": "Santiago",
        "nom_comuna": "Pudahuel",
        "ir_google": "https://www.google.cl/maps/dir//-33.43739,-70.75067",
        "simbologia": "Atención Primaria de Salud (APS)"
      },
      "geometry": {
        "type": "Point",
        "coordinates": [
          -70.75067,
          -33.43739
        ]
      }
    },
    {
      "type": "Feature",
      "properties": {
        "id_orig": 2889.0,
        "cod_ant": "10-345",
        "cod_vig": 110345.0,
        "cod_m_ant": null,
        "cod_m_nuev": null,
        "cod_reg": "13",
        "nom_reg": "Metropolitana de Santiago",
        "cod_dep": "10",
        "dependenc": "Servicio de Salud Metropolitano Occidente",
        "pertenenci": "Perteneciente al Sistema Nacional de Servicios de Salud",
        "tipo": "Centro de Salud Familiar (CESFAM)",
        "ambito": "Establecimiento de Salud",
        "nombre": "Centro de Salud Familiar Dr. Carlos Avendaño",
        "certifi": "Centro de Salud Familiar",
        "dep_adm": "Municipal",
        "nivel": "Primer Nivel",
        "cod_com": "13117",
        "nom_com": "Lo Prado",
        "via": "Calle",
        "numero": "1087",
        "direccion": "Teniente Cruz",
        "fono": "225744802",
        "f_inicio": null,
        "urgencia": "NO",
        "tipo_urge": "No Aplica",
        "clas_sapu": "No Aplica",
        "latitud": -33.43688,
        "longitud": -70.74045,
        "prestador": "Público",
        "estado": "Vigente en Operación Habitual",
        "complejida": "Baja Complejidad",
        "tipo_aten": "Atención Abierta-Ambulatoria",
        "cut_comuna": "13117",
        "cut_region": "13",
        "cut_provin": "131",
        "nom_region": "Metropolitana de Santiago",
        "nom_provin": "Santiago",
        "nom_comuna": "Lo Prado",
        "ir_google": "https://www.google.cl/maps/dir//-33.43688,-70.74045",
        "simbologia": "Atención Primaria de Salud (APS)"
      },
      "geometry": {
        "type": "Point",
        "coordinates": [
          -70.74045,
          -33.43688
        ]
      }
    },
    {
      "type": "Feature",
      "properties": {
        "id_orig": 2910.0,
        "cod_ant": "10-310",
        "cod_vig": 110310.0,
        "cod_m_ant": null,
        "cod_m_nuev": null,
        "cod_reg": "13",
        "nom_reg": "Metropolitana de Santiago",
        "cod_dep": "10",
        "dependenc": "Servicio de Salud Metropolitano Occidente",
        "pertenenci": "Perteneciente al Sistema Nacional de Servicios de Salud",
        "tipo": "Centro de Salud Familiar (CESFAM)",
        "ambito": "Establecimiento de Salud",
        "nombre": "Centro de Salud Familiar Andes",
        "certifi": "Centro de Salud Familiar",
        "dep_adm": "Servicio de Salud",
        "nivel": "Primer Nivel",
        "cod_com": "13126",
        "nom_com": "Quinta Normal",
        "via": "Calle",
        "numero": "4234",
        "direccion": "Andes",
        "fono": "800500270",
        "f_inicio": null,
        "urgencia": "NO",
        "tipo_urge": "No Aplica",
        "clas_sapu": "No Aplica",
        "latitud": -33.43419,
        "longitud": -70.69294,
        "prestador": "Público",
        "estado": "Vigente en Operación Habitual",
        "complejida": "Baja Complejidad",
        "tipo_aten": "Atención Abierta-Ambulatoria",
        "cut_comuna": "13126",
        "cut_region": "13",
        "cut_provin": "131",
        "nom_region": "Metropolitana de Santiago",
        "nom_provin": "Santiago",
        "nom_comuna": "Quinta Normal",
        "ir_google": "https://www.google.cl/maps/dir//-33.43419,-70.69294",
        "simbologia": "Atención Primaria de Salud (APS)"
      },
      "geometry": {
        "type": "Point",
        "coordinates": [
          -70.69294,
          -33.43419
        ]
      }
    },
    {
      "type": "Feature",
      "properties": {
        "id_orig": 2914.0,
        "cod_ant": "10-355",
        "cod_vig": 110355.0,
        "cod_m_ant": null,
        "cod_m_nuev": null,
        "cod_reg": "13",
        "nom_reg": "Metropolitana de Santiago",
        "cod_dep": "10",
        "dependenc": "Servicio de Salud Metropolitano Occidente",
        "pertenenci": "Perteneciente al Sistema Nacional de Servicios de Salud",
        "tipo": "Centro de Salud Familiar (CESFAM)",
        "ambito": "Establecimiento de Salud",
        "nombre": "Centro de Salud Familiar Dr. Arturo Albertz",
        "certifi": "Centro de Salud Familiar",
        "dep_adm": "Municipal",
        "nivel": "Primer Nivel",
        "cod_com": "13103",
        "nom_com": "Cerro Navia",
        "via": "Calle",
        "numero": "1204",
        "direccion": "Las Torres",
        "fono": "225743653",
        "f_inicio": null,
        "urgencia": "NO",
        "tipo_urge": "No Aplica",
        "clas_sapu": "No Aplica",
        "latitud": -33.4335,
        "longitud": -70.73166,
        "prestador": "Público",
        "estado": "Vigente en Operación Habitual",
        "complejida": "Baja Complejidad",
        "tipo_aten": "Atención Abierta-Ambulatoria",
        "cut_comuna": "13103",
        "cut_region": "13",
        "cut_provin": "131",
        "nom_region": "Metropolitana de Santiago",
        "nom_provin": "Santiago",
        "nom_comuna": "Cerro Navia",
        "ir_google": "https://www.google.cl/maps/dir//-33.4335,-70.73166",
        "simbologia": "Atención Primaria de Salud (APS)"
      },
      "geometry": {
        "type": "Point",
        "coordinates": [
          -70.73166,
          -33.4335
        ]
      }
    },
    {
      "type": "Feature",
      "properties": {
        "id_orig": 2920.0,
        "cod_ant": "12-302",
        "cod_vig": 112302.0,
        "cod_m_ant": null,
        "cod_m_nuev": null,
        "cod_reg": "13",
        "nom_reg": "Metropolitana de Santiago",
        "cod_dep": "12",
        "dependenc": "Servicio de Salud Metropolitano Oriente",
        "pertenenci": "Perteneciente al Sistema Nacional de Servicios de Salud",
        "tipo": "Centro de Salud Familiar (CESFAM)",
        "ambito": "Establecimiento de Salud",
        "nombre": "Centro de Salud Familiar Dr. Alfonso Leng",
        "certifi": "Centro de Salud Familiar",
        "dep_adm": "Municipal",
        "nivel": "Primer Nivel",
        "cod_com": "13123",
        "nom_com": "Providencia",
        "via": "Avenida",
        "numero": "303",
        "direccion": "Manuel Montt",
        "fono": "222359166",
        "f_inicio": null,
        "urgencia": "NO",
        "tipo_urge": "No Aplica",
        "clas_sapu": "No Aplica",
        "latitud": -33.43141,
        "longitud": -70.61881,
        "prestador": "Público",
        "estado": "Vigente en Operación Habitual",
        "complejida": "Baja Complejidad",
        "tipo_aten": "Atención Abierta-Ambulatoria",
        "cut_comuna": "13123",
        "cut_region": "13",
        "cut_provin": "131",
        "nom_region": "Metropolitana de Santiago",
        "nom_provin": "Santiago",
        "nom_comuna": "Providencia",
        "ir_google": "https://www.google.cl/maps/dir//-33.43141,-70.61881",
        "simbologia": "Atención Primaria de Salud (APS)"
      },
      "geometry": {
        "type": "Point",
        "coordinates": [
          -70.61881,
          -33.43141
        ]
      }
    },
    {
      "type": "Feature",
      "properties": {
        "id_orig": 2925.0,
        "cod_ant": "10-325",
        "cod_vig": 110325.0,
        "cod_m_ant": null,
        "cod_m_nuev": null,
        "cod_reg": "13",
        "nom_reg": "Metropolitana de Santiago",
        "cod_dep": "10",
        "dependenc": "Servicio de Salud Metropolitano Occidente",
        "pertenenci": "Perteneciente al Sistema Nacional de Servicios de Salud",
        "tipo": "Centro de Salud Familiar (CESFAM)",
        "ambito": "Establecimiento de Salud",
        "nombre": "Centro de Salud Familiar Garín",
        "certifi": "Centro de Salud Familiar",
        "dep_adm": "Municipal",
        "nivel": "Primer Nivel",
        "cod_com": "13126",
        "nom_com": "Quinta Normal",
        "via": "Calle",
        "numero": "5612",
        "direccion": "Janequeo",
        "fono": "226669206",
        "f_inicio": null,
        "urgencia": "NO",
        "tipo_urge": "No Aplica",
        "clas_sapu": "No Aplica",
        "latitud": -33.43042,
        "longitud": -70.71435,
        "prestador": "Público",
        "estado": "Vigente en Operación Habitual",
        "complejida": "Baja Complejidad",
        "tipo_aten": "Atención Abierta-Ambulatoria",
        "cut_comuna": "13126",
        "cut_region": "13",
        "cut_provin": "131",
        "nom_region": "Metropolitana de Santiago",
        "nom_provin": "Santiago",
        "nom_comuna": "Quinta Normal",
        "ir_google": "https://www.google.cl/maps/dir//-33.43042,-70.71435",
        "simbologia": "Atención Primaria de Salud (APS)"
      },
      "geometry": {
        "type": "Point",
        "coordinates": [
          -70.71435,
          -33.43042
        ]
      }
    },
    {
      "type": "Feature",
      "properties": {
        "id_orig": 2930.0,
        "cod_ant": "10-353",
        "cod_vig": 110353.0,
        "cod_m_ant": null,
        "cod_m_nuev": null,
        "cod_reg": "13",
        "nom_reg": "Metropolitana de Santiago",
        "cod_dep": "10",
        "dependenc": "Servicio de Salud Metropolitano Occidente",
        "pertenenci": "Perteneciente al Sistema Nacional de Servicios de Salud",
        "tipo": "Centro de Salud Familiar (CESFAM)",
        "ambito": "Establecimiento de Salud",
        "nombre": "Centro de Salud Familiar Cardenal Raúl Silva Henríquez",
        "certifi": "Centro de Salud Familiar",
        "dep_adm": "Municipal",
        "nivel": "Primer Nivel",
        "cod_com": "13124",
        "nom_com": "Pudahuel",
        "via": "Avenida",
        "numero": "1382",
        "direccion": "El Tranque",
        "fono": "800500409",
        "f_inicio": null,
        "urgencia": "NO",
        "tipo_urge": "No Aplica",
        "clas_sapu": "No Aplica",
        "latitud": -33.429,
        "longitud": -70.77092,
        "prestador": "Público",
        "estado": "Vigente en Operación Habitual",
        "complejida": "Baja Complejidad",
        "tipo_aten": "Atención Abierta-Ambulatoria",
        "cut_comuna": "13124",
        "cut_region": "13",
        "cut_provin": "131",
        "nom_region": "Metropolitana de Santiago",
        "nom_provin": "Santiago",
        "nom_comuna": "Pudahuel",
        "ir_google": "https://www.google.cl/maps/dir//-33.429,-70.77092",
        "simbologia": "Atención Primaria de Salud (APS)"
      },
      "geometry": {
        "type": "Point",
        "coordinates": [
          -70.77092,
          -33.429
        ]
      }
    },
    {
      "type": "Feature",
      "properties": {
        "id_orig": 2948.0,
        "cod_ant": "09-301",
        "cod_vig": 109301.0,
        "cod_m_ant": null,
        "cod_m_nuev": null,
        "cod_reg": "13",
        "nom_reg": "Metropolitana de Santiago",
        "cod_dep": "9",
        "dependenc": "Servicio de Salud Metropolitano Norte",
        "pertenenci": "Perteneciente al Sistema Nacional de Servicios de Salud",
        "tipo": "Centro de Salud Familiar (CESFAM)",
        "ambito": "Establecimiento de Salud",
        "nombre": "Centro de Salud Familiar Recoleta",
        "certifi": "Centro de Salud Familiar",
        "dep_adm": "Municipal",
        "nivel": "Primer Nivel",
        "cod_com": "13127",
        "nom_com": "Recoleta",
        "via": "Avenida",
        "numero": "740",
        "direccion": "Recoleta",
        "fono": "225751600",
        "f_inicio": null,
        "urgencia": "NO",
        "tipo_urge": "No Aplica",
        "clas_sapu": "No Aplica",
        "latitud": -33.42392,
        "longitud": -70.64577,
        "prestador": "Público",
        "estado": "Vigente en Operación Habitual",
        "complejida": "Baja Complejidad",
        "tipo_aten": "Atención Abierta-Ambulatoria",
        "cut_comuna": "13127",
        "cut_region": "13",
        "cut_provin": "131",
        "nom_region": "Metropolitana de Santiago",
        "nom_provin": "Santiago",
        "nom_comuna": "Recoleta",
        "ir_google": "https://www.google.cl/maps/dir//-33.42392,-70.64577",
        "simbologia": "Atención Primaria de Salud (APS)"
      },
      "geometry": {
        "type": "Point",
        "coordinates": [
          -70.64577,
          -33.42392
        ]
      }
    },
    {
      "type": "Feature",
      "properties": {
        "id_orig": 2955.0,
        "cod_ant": "10-320",
        "cod_vig": 110320.0,
        "cod_m_ant": null,
        "cod_m_nuev": null,
        "cod_reg": "13",
        "nom_reg": "Metropolitana de Santiago",
        "cod_dep": "10",
        "dependenc": "Servicio de Salud Metropolitano Occidente",
        "pertenenci": "Perteneciente al Sistema Nacional de Servicios de Salud",
        "tipo": "Centro de Salud Familiar (CESFAM)",
        "ambito": "Establecimiento de Salud",
        "nombre": "Centro de Salud Familiar Lo Franco",
        "certifi": "Centro de Salud Familiar",
        "dep_adm": "Municipal",
        "nivel": "Primer Nivel",
        "cod_com": "13126",
        "nom_com": "Quinta Normal",
        "via": "Calle",
        "numero": "2655",
        "direccion": "Embajador Gomez",
        "fono": "224051303",
        "f_inicio": "45075",
        "urgencia": "NO",
        "tipo_urge": "No Aplica",
        "clas_sapu": "No Aplica",
        "latitud": -33.42251,
        "longitud": -70.6948,
        "prestador": "Público",
        "estado": "Vigente en Operación Habitual",
        "complejida": "Baja Complejidad",
        "tipo_aten": "Atención Abierta-Ambulatoria",
        "cut_comuna": "13126",
        "cut_region": "13",
        "cut_provin": "131",
        "nom_region": "Metropolitana de Santiago",
        "nom_provin": "Santiago",
        "nom_comuna": "Quinta Normal",
        "ir_google": "https://www.google.cl/maps/dir//-33.42251,-70.6948",
        "simbologia": "Atención Primaria de Salud (APS)"
      },
      "geometry": {
        "type": "Point",
        "coordinates": [
          -70.6948,
          -33.42251
        ]
      }
    },
    {
      "type": "Feature",
      "properties": {
        "id_orig": 2965.0,
        "cod_ant": "10-335",
        "cod_vig": 110335.0,
        "cod_m_ant": null,
        "cod_m_nuev": null,
        "cod_reg": "13",
        "nom_reg": "Metropolitana de Santiago",
        "cod_dep": "10",
        "dependenc": "Servicio de Salud Metropolitano Occidente",
        "pertenenci": "Perteneciente al Sistema Nacional de Servicios de Salud",
        "tipo": "Centro de Salud Familiar (CESFAM)",
        "ambito": "Establecimiento de Salud",
        "nombre": "Centro de Salud Familiar Cerro Navia",
        "certifi": "Centro de Salud Familiar",
        "dep_adm": "Municipal",
        "nivel": "Primer Nivel",
        "cod_com": "13103",
        "nom_com": "Cerro Navia",
        "via": "Calle",
        "numero": "7965",
        "direccion": "Sado",
        "fono": "225742900",
        "f_inicio": null,
        "urgencia": "NO",
        "tipo_urge": "No Aplica",
        "clas_sapu": "No Aplica",
        "latitud": -33.41956,
        "longitud": -70.75083,
        "prestador": "Público",
        "estado": "Vigente en Operación Habitual",
        "complejida": "Baja Complejidad",
        "tipo_aten": "Atención Abierta-Ambulatoria",
        "cut_comuna": "13103",
        "cut_region": "13",
        "cut_provin": "131",
        "nom_region": "Metropolitana de Santiago",
        "nom_provin": "Santiago",
        "nom_comuna": "Cerro Navia",
        "ir_google": "https://www.google.cl/maps/dir//-33.41956,-70.75083",
        "simbologia": "Atención Primaria de Salud (APS)"
      },
      "geometry": {
        "type": "Point",
        "coordinates": [
          -70.75083,
          -33.41956
        ]
      }
    },
    {
      "type": "Feature",
      "properties": {
        "id_orig": 2977.0,
        "cod_ant": "10-331",
        "cod_vig": 110331.0,
        "cod_m_ant": null,
        "cod_m_nuev": null,
        "cod_reg": "13",
        "nom_reg": "Metropolitana de Santiago",
        "cod_dep": "10",
        "dependenc": "Servicio de Salud Metropolitano Occidente",
        "pertenenci": "Perteneciente al Sistema Nacional de Servicios de Salud",
        "tipo": "Centro de Salud Familiar (CESFAM)",
        "ambito": "Establecimiento de Salud",
        "nombre": "Centro de Salud Familiar Lo Amor",
        "certifi": "Centro de Salud Familiar",
        "dep_adm": "Municipal",
        "nivel": "Primer Nivel",
        "cod_com": "13103",
        "nom_com": "Cerro Navia",
        "via": "Calle",
        "numero": "2198",
        "direccion": "Neptuno",
        "fono": "227720332",
        "f_inicio": null,
        "urgencia": "NO",
        "tipo_urge": "No Aplica",
        "clas_sapu": "No Aplica",
        "latitud": -33.41758,
        "longitud": -70.7174,
        "prestador": "Público",
        "estado": "Vigente en Operación Habitual",
        "complejida": "Baja Complejidad",
        "tipo_aten": "Atención Abierta-Ambulatoria",
        "cut_comuna": "13103",
        "cut_region": "13",
        "cut_provin": "131",
        "nom_region": "Metropolitana de Santiago",
        "nom_provin": "Santiago",
        "nom_comuna": "Cerro Navia",
        "ir_google": "https://www.google.cl/maps/dir//-33.41758,-70.7174",
        "simbologia": "Atención Primaria de Salud (APS)"
      },
      "geometry": {
        "type": "Point",
        "coordinates": [
          -70.7174,
          -33.41758
        ]
      }
    },
    {
      "type": "Feature",
      "properties": {
        "id_orig": 2979.0,
        "cod_ant": "10-330",
        "cod_vig": 110330.0,
        "cod_m_ant": null,
        "cod_m_nuev": null,
        "cod_reg": "13",
        "nom_reg": "Metropolitana de Santiago",
        "cod_dep": "10",
        "dependenc": "Servicio de Salud Metropolitano Occidente",
        "pertenenci": "Perteneciente al Sistema Nacional de Servicios de Salud",
        "tipo": "Centro de Salud Familiar (CESFAM)",
        "ambito": "Establecimiento de Salud",
        "nombre": "Centro de Salud Familiar Dr. Adalberto Steeger",
        "certifi": "Centro de Salud Familiar",
        "dep_adm": "Municipal",
        "nivel": "Primer Nivel",
        "cod_com": "13103",
        "nom_com": "Cerro Navia",
        "via": "Calle",
        "numero": "1629",
        "direccion": "Huelén",
        "fono": "225744050",
        "f_inicio": null,
        "urgencia": "NO",
        "tipo_urge": "No Aplica",
        "clas_sapu": "No Aplica",
        "latitud": -33.41752,
        "longitud": -70.7412,
        "prestador": "Público",
        "estado": "Vigente en Operación Habitual",
        "complejida": "Baja Complejidad",
        "tipo_aten": "Atención Abierta-Ambulatoria",
        "cut_comuna": "13103",
        "cut_region": "13",
        "cut_provin": "131",
        "nom_region": "Metropolitana de Santiago",
        "nom_provin": "Santiago",
        "nom_comuna": "Cerro Navia",
        "ir_google": "https://www.google.cl/maps/dir//-33.41752,-70.7412",
        "simbologia": "Atención Primaria de Salud (APS)"
      },
      "geometry": {
        "type": "Point",
        "coordinates": [
          -70.7412,
          -33.41752
        ]
      }
    },
    {
      "type": "Feature",
      "properties": {
        "id_orig": 2980.0,
        "cod_ant": "09-321",
        "cod_vig": 109321.0,
        "cod_m_ant": null,
        "cod_m_nuev": null,
        "cod_reg": "13",
        "nom_reg": "Metropolitana de Santiago",
        "cod_dep": "9",
        "dependenc": "Servicio de Salud Metropolitano Norte",
        "pertenenci": "Perteneciente al Sistema Nacional de Servicios de Salud",
        "tipo": "Centro de Salud Familiar (CESFAM)",
        "ambito": "Establecimiento de Salud",
        "nombre": "Centro de Salud Familiar Juan Antonio Ríos",
        "certifi": "Centro de Salud Familiar",
        "dep_adm": "Municipal",
        "nivel": "Primer Nivel",
        "cod_com": "13108",
        "nom_com": "Independencia",
        "via": "Calle",
        "numero": "1180",
        "direccion": "Soberanía",
        "fono": null,
        "f_inicio": null,
        "urgencia": "NO",
        "tipo_urge": "No Aplica",
        "clas_sapu": "No Aplica",
        "latitud": -33.41737,
        "longitud": -70.66865,
        "prestador": "Público",
        "estado": "Vigente en Operación Habitual",
        "complejida": "Baja Complejidad",
        "tipo_aten": "Atención Abierta-Ambulatoria",
        "cut_comuna": "13108",
        "cut_region": "13",
        "cut_provin": "131",
        "nom_region": "Metropolitana de Santiago",
        "nom_provin": "Santiago",
        "nom_comuna": "Independencia",
        "ir_google": "https://www.google.cl/maps/dir//-33.41737,-70.66865",
        "simbologia": "Atención Primaria de Salud (APS)"
      },
      "geometry": {
        "type": "Point",
        "coordinates": [
          -70.66865,
          -33.41737
        ]
      }
    },
    {
      "type": "Feature",
      "properties": {
        "id_orig": 2983.0,
        "cod_ant": "12-306",
        "cod_vig": 112306.0,
        "cod_m_ant": null,
        "cod_m_nuev": null,
        "cod_reg": "13",
        "nom_reg": "Metropolitana de Santiago",
        "cod_dep": "12",
        "dependenc": "Servicio de Salud Metropolitano Oriente",
        "pertenenci": "Perteneciente al Sistema Nacional de Servicios de Salud",
        "tipo": "Centro de Salud Familiar (CESFAM)",
        "ambito": "Establecimiento de Salud",
        "nombre": "Centro de Salud Familiar Aníbal Ariztía",
        "certifi": "Centro de Salud Familiar",
        "dep_adm": "Municipal",
        "nivel": "Primer Nivel",
        "cod_com": "13114",
        "nom_com": "Las Condes",
        "via": "Avenida",
        "numero": "1140",
        "direccion": "Paúl Harris",
        "fono": "227305500",
        "f_inicio": null,
        "urgencia": "NO",
        "tipo_urge": "No Aplica",
        "clas_sapu": "No Aplica",
        "latitud": -33.41707,
        "longitud": -70.53311,
        "prestador": "Público",
        "estado": "Vigente en Operación Habitual",
        "complejida": "Baja Complejidad",
        "tipo_aten": "Atención Abierta-Ambulatoria",
        "cut_comuna": "13114",
        "cut_region": "13",
        "cut_provin": "131",
        "nom_region": "Metropolitana de Santiago",
        "nom_provin": "Santiago",
        "nom_comuna": "Las Condes",
        "ir_google": "https://www.google.cl/maps/dir//-33.41707,-70.53311",
        "simbologia": "Atención Primaria de Salud (APS)"
      },
      "geometry": {
        "type": "Point",
        "coordinates": [
          -70.53311,
          -33.41707
        ]
      }
    },
    {
      "type": "Feature",
      "properties": {
        "id_orig": 2993.0,
        "cod_ant": "09-300",
        "cod_vig": 109300.0,
        "cod_m_ant": null,
        "cod_m_nuev": null,
        "cod_reg": "13",
        "nom_reg": "Metropolitana de Santiago",
        "cod_dep": "9",
        "dependenc": "Servicio de Salud Metropolitano Norte",
        "pertenenci": "Perteneciente al Sistema Nacional de Servicios de Salud",
        "tipo": "Centro de Salud Familiar (CESFAM)",
        "ambito": "Establecimiento de Salud",
        "nombre": "Centro de Salud Familiar Agustín Cruz Melo",
        "certifi": "Centro de Salud Familiar",
        "dep_adm": "Municipal",
        "nivel": "Primer Nivel",
        "cod_com": "13108",
        "nom_com": "Independencia",
        "via": "Avenida",
        "numero": "1325",
        "direccion": "Independencia",
        "fono": "227355547",
        "f_inicio": null,
        "urgencia": "NO",
        "tipo_urge": "No Aplica",
        "clas_sapu": "No Aplica",
        "latitud": -33.41516,
        "longitud": -70.65712,
        "prestador": "Público",
        "estado": "Vigente en Operación Habitual",
        "complejida": "Baja Complejidad",
        "tipo_aten": "Atención Abierta-Ambulatoria",
        "cut_comuna": "13108",
        "cut_region": "13",
        "cut_provin": "131",
        "nom_region": "Metropolitana de Santiago",
        "nom_provin": "Santiago",
        "nom_comuna": "Independencia",
        "ir_google": "https://www.google.cl/maps/dir//-33.41516,-70.65712",
        "simbologia": "Atención Primaria de Salud (APS)"
      },
      "geometry": {
        "type": "Point",
        "coordinates": [
          -70.65712,
          -33.41516
        ]
      }
    },
    {
      "type": "Feature",
      "properties": {
        "id_orig": 3003.0,
        "cod_ant": "10-362",
        "cod_vig": 110362.0,
        "cod_m_ant": null,
        "cod_m_nuev": null,
        "cod_reg": "13",
        "nom_reg": "Metropolitana de Santiago",
        "cod_dep": "10",
        "dependenc": "Servicio de Salud Metropolitano Occidente",
        "pertenenci": "Perteneciente al Sistema Nacional de Servicios de Salud",
        "tipo": "Centro de Salud Familiar (CESFAM)",
        "ambito": "Establecimiento de Salud",
        "nombre": "Centro de Salud Familiar Dr. Hernán Urzúa Merino",
        "certifi": "Centro de Salud Familiar",
        "dep_adm": "Municipal",
        "nivel": "Primer Nivel",
        "cod_com": "13128",
        "nom_com": "Renca",
        "via": "Calle",
        "numero": "1011",
        "direccion": "Totoral Bajo",
        "fono": "225742800",
        "f_inicio": null,
        "urgencia": "NO",
        "tipo_urge": "No Aplica",
        "clas_sapu": "No Aplica",
        "latitud": -33.41148,
        "longitud": -70.72847,
        "prestador": "Público",
        "estado": "Vigente en Operación Habitual",
        "complejida": "Baja Complejidad",
        "tipo_aten": "Atención Abierta-Ambulatoria",
        "cut_comuna": "13128",
        "cut_region": "13",
        "cut_provin": "131",
        "nom_region": "Metropolitana de Santiago",
        "nom_provin": "Santiago",
        "nom_comuna": "Renca",
        "ir_google": "https://www.google.cl/maps/dir//-33.41148,-70.72847",
        "simbologia": "Atención Primaria de Salud (APS)"
      },
      "geometry": {
        "type": "Point",
        "coordinates": [
          -70.72847,
          -33.41148
        ]
      }
    },
    {
      "type": "Feature",
      "properties": {
        "id_orig": 3006.0,
        "cod_ant": "09-304",
        "cod_vig": 109304.0,
        "cod_m_ant": null,
        "cod_m_nuev": null,
        "cod_reg": "13",
        "nom_reg": "Metropolitana de Santiago",
        "cod_dep": "9",
        "dependenc": "Servicio de Salud Metropolitano Norte",
        "pertenenci": "Perteneciente al Sistema Nacional de Servicios de Salud",
        "tipo": "Centro de Salud Familiar (CESFAM)",
        "ambito": "Establecimiento de Salud",
        "nombre": "Centro de Salud Familiar Valdivieso",
        "certifi": "Centro de Salud Familiar",
        "dep_adm": "Municipal",
        "nivel": "Primer Nivel",
        "cod_com": "13127",
        "nom_com": "Recoleta",
        "via": "Calle",
        "numero": "1892",
        "direccion": "Los Cipreses",
        "fono": "225751250",
        "f_inicio": null,
        "urgencia": "NO",
        "tipo_urge": "No Aplica",
        "clas_sapu": "No Aplica",
        "latitud": -33.41032,
        "longitud": -70.63122,
        "prestador": "Público",
        "estado": "Vigente en Operación Habitual",
        "complejida": "Baja Complejidad",
        "tipo_aten": "Atención Abierta-Ambulatoria",
        "cut_comuna": "13127",
        "cut_region": "13",
        "cut_provin": "131",
        "nom_region": "Metropolitana de Santiago",
        "nom_provin": "Santiago",
        "nom_comuna": "Recoleta",
        "ir_google": "https://www.google.cl/maps/dir//-33.41032,-70.63122",
        "simbologia": "Atención Primaria de Salud (APS)"
      },
      "geometry": {
        "type": "Point",
        "coordinates": [
          -70.63122,
          -33.41032
        ]
      }
    },
    {
      "type": "Feature",
      "properties": {
        "id_orig": 3016.0,
        "cod_ant": "10-360",
        "cod_vig": 110360.0,
        "cod_m_ant": null,
        "cod_m_nuev": null,
        "cod_reg": "13",
        "nom_reg": "Metropolitana de Santiago",
        "cod_dep": "10",
        "dependenc": "Servicio de Salud Metropolitano Occidente",
        "pertenenci": "Perteneciente al Sistema Nacional de Servicios de Salud",
        "tipo": "Centro de Salud Familiar (CESFAM)",
        "ambito": "Establecimiento de Salud",
        "nombre": "Centro de Salud Familiar Renca",
        "certifi": "Centro de Salud Familiar",
        "dep_adm": "Municipal",
        "nivel": "Primer Nivel",
        "cod_com": "13128",
        "nom_com": "Renca",
        "via": "Calle",
        "numero": "4420",
        "direccion": "Balmaceda",
        "fono": "225745150",
        "f_inicio": null,
        "urgencia": "NO",
        "tipo_urge": "No Aplica",
        "clas_sapu": "No Aplica",
        "latitud": -33.40345,
        "longitud": -70.7097,
        "prestador": "Público",
        "estado": "Vigente en Operación Habitual",
        "complejida": "Baja Complejidad",
        "tipo_aten": "Atención Abierta-Ambulatoria",
        "cut_comuna": "13128",
        "cut_region": "13",
        "cut_provin": "131",
        "nom_region": "Metropolitana de Santiago",
        "nom_provin": "Santiago",
        "nom_comuna": "Renca",
        "ir_google": "https://www.google.cl/maps/dir//-33.40345,-70.7097",
        "simbologia": "Atención Primaria de Salud (APS)"
      },
      "geometry": {
        "type": "Point",
        "coordinates": [
          -70.7097,
          -33.40345
        ]
      }
    },
    {
      "type": "Feature",
      "properties": {
        "id_orig": 3017.0,
        "cod_ant": "09-303",
        "cod_vig": 109303.0,
        "cod_m_ant": null,
        "cod_m_nuev": null,
        "cod_reg": "13",
        "nom_reg": "Metropolitana de Santiago",
        "cod_dep": "9",
        "dependenc": "Servicio de Salud Metropolitano Norte",
        "pertenenci": "Perteneciente al Sistema Nacional de Servicios de Salud",
        "tipo": "Centro de Salud Familiar (CESFAM)",
        "ambito": "Establecimiento de Salud",
        "nombre": "Centro de Salud Familiar Quinta Bella",
        "certifi": "Centro de Salud Familiar",
        "dep_adm": "Municipal",
        "nivel": "Primer Nivel",
        "cod_com": "13127",
        "nom_com": "Recoleta",
        "via": "Calle",
        "numero": "185",
        "direccion": "Justicia Social",
        "fono": "800500161",
        "f_inicio": null,
        "urgencia": "NO",
        "tipo_urge": "No Aplica",
        "clas_sapu": "No Aplica",
        "latitud": -33.40321,
        "longitud": -70.6346,
        "prestador": "Público",
        "estado": "Vigente en Operación Habitual",
        "complejida": "Baja Complejidad",
        "tipo_aten": "Atención Abierta-Ambulatoria",
        "cut_comuna": "13127",
        "cut_region": "13",
        "cut_provin": "131",
        "nom_region": "Metropolitana de Santiago",
        "nom_provin": "Santiago",
        "nom_comuna": "Recoleta",
        "ir_google": "https://www.google.cl/maps/dir//-33.40321,-70.6346",
        "simbologia": "Atención Primaria de Salud (APS)"
      },
      "geometry": {
        "type": "Point",
        "coordinates": [
          -70.6346,
          -33.40321
        ]
      }
    },
    {
      "type": "Feature",
      "properties": {
        "id_orig": 3028.0,
        "cod_ant": "12-304",
        "cod_vig": 112304.0,
        "cod_m_ant": null,
        "cod_m_nuev": null,
        "cod_reg": "13",
        "nom_reg": "Metropolitana de Santiago",
        "cod_dep": "12",
        "dependenc": "Servicio de Salud Metropolitano Oriente",
        "pertenenci": "Perteneciente al Sistema Nacional de Servicios de Salud",
        "tipo": "Centro de Salud Familiar (CESFAM)",
        "ambito": "Establecimiento de Salud",
        "nombre": "Centro de Salud Familiar Apoquindo",
        "certifi": "Centro de Salud Familiar",
        "dep_adm": "Municipal",
        "nivel": "Primer Nivel",
        "cod_com": "13114",
        "nom_com": "Las Condes",
        "via": "Avenida",
        "numero": "6611",
        "direccion": "Cerro Altar",
        "fono": "227305000",
        "f_inicio": null,
        "urgencia": "NO",
        "tipo_urge": "No Aplica",
        "clas_sapu": "No Aplica",
        "latitud": -33.40041,
        "longitud": -70.56441,
        "prestador": "Público",
        "estado": "Vigente en Operación Habitual",
        "complejida": "Baja Complejidad",
        "tipo_aten": "Atención Abierta-Ambulatoria",
        "cut_comuna": "13114",
        "cut_region": "13",
        "cut_provin": "131",
        "nom_region": "Metropolitana de Santiago",
        "nom_provin": "Santiago",
        "nom_comuna": "Las Condes",
        "ir_google": "https://www.google.cl/maps/dir//-33.40041,-70.56441",
        "simbologia": "Atención Primaria de Salud (APS)"
      },
      "geometry": {
        "type": "Point",
        "coordinates": [
          -70.56441,
          -33.40041
        ]
      }
    },
    {
      "type": "Feature",
      "properties": {
        "id_orig": 3032.0,
        "cod_ant": "10-361",
        "cod_vig": 110361.0,
        "cod_m_ant": null,
        "cod_m_nuev": null,
        "cod_reg": "13",
        "nom_reg": "Metropolitana de Santiago",
        "cod_dep": "10",
        "dependenc": "Servicio de Salud Metropolitano Occidente",
        "pertenenci": "Perteneciente al Sistema Nacional de Servicios de Salud",
        "tipo": "Centro de Salud Familiar (CESFAM)",
        "ambito": "Establecimiento de Salud",
        "nombre": "Centro de Salud Familiar Bicentenario",
        "certifi": "Centro de Salud Familiar",
        "dep_adm": "Municipal",
        "nivel": "Primer Nivel",
        "cod_com": "13128",
        "nom_com": "Renca",
        "via": "Avenida",
        "numero": "8005",
        "direccion": "Brasil",
        "fono": null,
        "f_inicio": null,
        "urgencia": "NO",
        "tipo_urge": "No Aplica",
        "clas_sapu": "No Aplica",
        "latitud": -33.39767,
        "longitud": -70.74971,
        "prestador": "Público",
        "estado": "Vigente en Operación Habitual",
        "complejida": "Baja Complejidad",
        "tipo_aten": "Atención Abierta-Ambulatoria",
        "cut_comuna": "13128",
        "cut_region": "13",
        "cut_provin": "131",
        "nom_region": "Metropolitana de Santiago",
        "nom_provin": "Santiago",
        "nom_comuna": "Renca",
        "ir_google": "https://www.google.cl/maps/dir//-33.39767,-70.74971",
        "simbologia": "Atención Primaria de Salud (APS)"
      },
      "geometry": {
        "type": "Point",
        "coordinates": [
          -70.74971,
          -33.39767
        ]
      }
    },
    {
      "type": "Feature",
      "properties": {
        "id_orig": 3044.0,
        "cod_ant": "09-308",
        "cod_vig": 109308.0,
        "cod_m_ant": null,
        "cod_m_nuev": null,
        "cod_reg": "13",
        "nom_reg": "Metropolitana de Santiago",
        "cod_dep": "9",
        "dependenc": "Servicio de Salud Metropolitano Norte",
        "pertenenci": "Perteneciente al Sistema Nacional de Servicios de Salud",
        "tipo": "Centro de Salud Familiar (CESFAM)",
        "ambito": "Establecimiento de Salud",
        "nombre": "Centro de Salud Familiar Alberto Bachelet Martínez",
        "certifi": "Centro de Salud Familiar",
        "dep_adm": "Municipal",
        "nivel": "Primer Nivel",
        "cod_com": "13104",
        "nom_com": "Conchalí",
        "via": "Calle",
        "numero": "3250",
        "direccion": "El Guanaco",
        "fono": "800500154",
        "f_inicio": null,
        "urgencia": "NO",
        "tipo_urge": "No Aplica",
        "clas_sapu": "No Aplica",
        "latitud": -33.39441,
        "longitud": -70.65834,
        "prestador": "Público",
        "estado": "Vigente en Operación Habitual",
        "complejida": "Baja Complejidad",
        "tipo_aten": "Atención Abierta-Ambulatoria",
        "cut_comuna": "13104",
        "cut_region": "13",
        "cut_provin": "131",
        "nom_region": "Metropolitana de Santiago",
        "nom_provin": "Santiago",
        "nom_comuna": "Conchalí",
        "ir_google": "https://www.google.cl/maps/dir//-33.39441,-70.65834",
        "simbologia": "Atención Primaria de Salud (APS)"
      },
      "geometry": {
        "type": "Point",
        "coordinates": [
          -70.65834,
          -33.39441
        ]
      }
    },
    {
      "type": "Feature",
      "properties": {
        "id_orig": 3048.0,
        "cod_ant": "10-364",
        "cod_vig": 110364.0,
        "cod_m_ant": null,
        "cod_m_nuev": null,
        "cod_reg": "13",
        "nom_reg": "Metropolitana de Santiago",
        "cod_dep": "10",
        "dependenc": "Servicio de Salud Metropolitano Occidente",
        "pertenenci": "Perteneciente al Sistema Nacional de Servicios de Salud",
        "tipo": "Centro de Salud Familiar (CESFAM)",
        "ambito": "Establecimiento de Salud",
        "nombre": "Centro de Salud Familiar Huamachuco",
        "certifi": "Centro de Salud Familiar",
        "dep_adm": "Municipal",
        "nivel": "Primer Nivel",
        "cod_com": "13128",
        "nom_com": "Renca",
        "via": "Calle",
        "numero": "2466",
        "direccion": "Las Margaritas",
        "fono": "225743850",
        "f_inicio": null,
        "urgencia": "NO",
        "tipo_urge": "No Aplica",
        "clas_sapu": "No Aplica",
        "latitud": -33.39126,
        "longitud": -70.69893,
        "prestador": "Público",
        "estado": "Vigente en Operación Habitual",
        "complejida": "Baja Complejidad",
        "tipo_aten": "Atención Abierta-Ambulatoria",
        "cut_comuna": "13128",
        "cut_region": "13",
        "cut_provin": "131",
        "nom_region": "Metropolitana de Santiago",
        "nom_provin": "Santiago",
        "nom_comuna": "Renca",
        "ir_google": "https://www.google.cl/maps/dir//-33.39126,-70.69893",
        "simbologia": "Atención Primaria de Salud (APS)"
      },
      "geometry": {
        "type": "Point",
        "coordinates": [
          -70.69893,
          -33.39126
        ]
      }
    },
    {
      "type": "Feature",
      "properties": {
        "id_orig": 3054.0,
        "cod_ant": "12-309",
        "cod_vig": 112309.0,
        "cod_m_ant": null,
        "cod_m_nuev": null,
        "cod_reg": "13",
        "nom_reg": "Metropolitana de Santiago",
        "cod_dep": "12",
        "dependenc": "Servicio de Salud Metropolitano Oriente",
        "pertenenci": "Perteneciente al Sistema Nacional de Servicios de Salud",
        "tipo": "Centro de Salud Familiar (CESFAM)",
        "ambito": "Establecimiento de Salud",
        "nombre": "Centro de Salud Familiar Vitacura",
        "certifi": "Centro de Salud Familiar",
        "dep_adm": "Municipal",
        "nivel": "Primer Nivel",
        "cod_com": "13132",
        "nom_com": "Vitacura",
        "via": "Avenida",
        "numero": "1195",
        "direccion": "Indiana",
        "fono": "800500389",
        "f_inicio": null,
        "urgencia": "NO",
        "tipo_urge": "No Aplica",
        "clas_sapu": "No Aplica",
        "latitud": -33.38985,
        "longitud": -70.55501,
        "prestador": "Público",
        "estado": "Vigente en Operación Habitual",
        "complejida": "Baja Complejidad",
        "tipo_aten": "Atención Abierta-Ambulatoria",
        "cut_comuna": "13132",
        "cut_region": "13",
        "cut_provin": "131",
        "nom_region": "Metropolitana de Santiago",
        "nom_provin": "Santiago",
        "nom_comuna": "Vitacura",
        "ir_google": "https://www.google.cl/maps/dir//-33.38985,-70.55501",
        "simbologia": "Atención Primaria de Salud (APS)"
      },
      "geometry": {
        "type": "Point",
        "coordinates": [
          -70.55501,
          -33.38985
        ]
      }
    },
    {
      "type": "Feature",
      "properties": {
        "id_orig": 3058.0,
        "cod_ant": "09-302",
        "cod_vig": 109302.0,
        "cod_m_ant": null,
        "cod_m_nuev": null,
        "cod_reg": "13",
        "nom_reg": "Metropolitana de Santiago",
        "cod_dep": "9",
        "dependenc": "Servicio de Salud Metropolitano Norte",
        "pertenenci": "Perteneciente al Sistema Nacional de Servicios de Salud",
        "tipo": "Centro de Salud Familiar (CESFAM)",
        "ambito": "Establecimiento de Salud",
        "nombre": "Centro de Salud Familiar Lucas Sierra",
        "certifi": "Centro de Salud Familiar",
        "dep_adm": "Municipal",
        "nivel": "Primer Nivel",
        "cod_com": "13104",
        "nom_com": "Conchalí",
        "via": "Calle",
        "numero": "4107",
        "direccion": "Pedro Fontova",
        "fono": "800500153",
        "f_inicio": null,
        "urgencia": "NO",
        "tipo_urge": "No Aplica",
        "clas_sapu": "No Aplica",
        "latitud": -33.38886,
        "longitud": -70.67125,
        "prestador": "Público",
        "estado": "Vigente en Operación Habitual",
        "complejida": "Baja Complejidad",
        "tipo_aten": "Atención Abierta-Ambulatoria",
        "cut_comuna": "13104",
        "cut_region": "13",
        "cut_provin": "131",
        "nom_region": "Metropolitana de Santiago",
        "nom_provin": "Santiago",
        "nom_comuna": "Conchalí",
        "ir_google": "https://www.google.cl/maps/dir//-33.38886,-70.67125",
        "simbologia": "Atención Primaria de Salud (APS)"
      },
      "geometry": {
        "type": "Point",
        "coordinates": [
          -70.67125,
          -33.38886
        ]
      }
    },
    {
      "type": "Feature",
      "properties": {
        "id_orig": 3064.0,
        "cod_ant": "09-390",
        "cod_vig": 109390.0,
        "cod_m_ant": null,
        "cod_m_nuev": null,
        "cod_reg": "13",
        "nom_reg": "Metropolitana de Santiago",
        "cod_dep": "9",
        "dependenc": "Servicio de Salud Metropolitano Norte",
        "pertenenci": "Perteneciente al Sistema Nacional de Servicios de Salud",
        "tipo": "Centro de Salud Familiar (CESFAM)",
        "ambito": "Establecimiento de Salud",
        "nombre": "Centro de Salud Familiar Cristo Vive (ONG)",
        "certifi": "Centro de Salud Familiar",
        "dep_adm": "Otra Institución",
        "nivel": "Primer Nivel",
        "cod_com": "13127",
        "nom_com": "Recoleta",
        "via": "Avenida",
        "numero": "4125",
        "direccion": "Recoleta",
        "fono": "226226380",
        "f_inicio": null,
        "urgencia": "NO",
        "tipo_urge": "No Aplica",
        "clas_sapu": "No Aplica",
        "latitud": -33.38705,
        "longitud": -70.6418,
        "prestador": "Público",
        "estado": "Vigente en Operación Habitual",
        "complejida": "Baja Complejidad",
        "tipo_aten": "Atención Abierta-Ambulatoria",
        "cut_comuna": "13127",
        "cut_region": "13",
        "cut_provin": "131",
        "nom_region": "Metropolitana de Santiago",
        "nom_provin": "Santiago",
        "nom_comuna": "Recoleta",
        "ir_google": "https://www.google.cl/maps/dir//-33.38705,-70.6418",
        "simbologia": "Atención Primaria de Salud (APS)"
      },
      "geometry": {
        "type": "Point",
        "coordinates": [
          -70.6418,
          -33.38705
        ]
      }
    },
    {
      "type": "Feature",
      "properties": {
        "id_orig": 3067.0,
        "cod_ant": "09-307",
        "cod_vig": 109307.0,
        "cod_m_ant": null,
        "cod_m_nuev": null,
        "cod_reg": "13",
        "nom_reg": "Metropolitana de Santiago",
        "cod_dep": "9",
        "dependenc": "Servicio de Salud Metropolitano Norte",
        "pertenenci": "Perteneciente al Sistema Nacional de Servicios de Salud",
        "tipo": "Centro de Salud Familiar (CESFAM)",
        "ambito": "Establecimiento de Salud",
        "nombre": "Centro de Salud Familiar Dr. Juan Petrinovic (Ex Scroggie)",
        "certifi": "Centro de Salud Familiar",
        "dep_adm": "Municipal",
        "nivel": "Primer Nivel",
        "cod_com": "13127",
        "nom_com": "Recoleta",
        "via": "Calle",
        "numero": "670",
        "direccion": "Teniente Colipí",
        "fono": "225750792",
        "f_inicio": null,
        "urgencia": "NO",
        "tipo_urge": "No Aplica",
        "clas_sapu": "No Aplica",
        "latitud": -33.38439,
        "longitud": -70.64494,
        "prestador": "Público",
        "estado": "Vigente en Operación Habitual",
        "complejida": "Baja Complejidad",
        "tipo_aten": "Atención Abierta-Ambulatoria",
        "cut_comuna": "13127",
        "cut_region": "13",
        "cut_provin": "131",
        "nom_region": "Metropolitana de Santiago",
        "nom_provin": "Santiago",
        "nom_comuna": "Recoleta",
        "ir_google": "https://www.google.cl/maps/dir//-33.38439,-70.64494",
        "simbologia": "Atención Primaria de Salud (APS)"
      },
      "geometry": {
        "type": "Point",
        "coordinates": [
          -70.64494,
          -33.38439
        ]
      }
    },
    {
      "type": "Feature",
      "properties": {
        "id_orig": 3073.0,
        "cod_ant": "09-309",
        "cod_vig": 109309.0,
        "cod_m_ant": null,
        "cod_m_nuev": null,
        "cod_reg": "13",
        "nom_reg": "Metropolitana de Santiago",
        "cod_dep": "9",
        "dependenc": "Servicio de Salud Metropolitano Norte",
        "pertenenci": "Perteneciente al Sistema Nacional de Servicios de Salud",
        "tipo": "Centro de Salud Familiar (CESFAM)",
        "ambito": "Establecimiento de Salud",
        "nombre": "Centro de Salud Familiar José Symon Ojeda",
        "certifi": "Centro de Salud Familiar",
        "dep_adm": "Municipal",
        "nivel": "Primer Nivel",
        "cod_com": "13104",
        "nom_com": "Conchalí",
        "via": "Avenida",
        "numero": "2895",
        "direccion": "El Cortijo",
        "fono": "226231674",
        "f_inicio": null,
        "urgencia": "NO",
        "tipo_urge": "No Aplica",
        "clas_sapu": "No Aplica",
        "latitud": -33.37832,
        "longitud": -70.69237,
        "prestador": "Público",
        "estado": "Vigente en Operación Habitual",
        "complejida": "Baja Complejidad",
        "tipo_aten": "Atención Abierta-Ambulatoria",
        "cut_comuna": "13104",
        "cut_region": "13",
        "cut_provin": "131",
        "nom_region": "Metropolitana de Santiago",
        "nom_provin": "Santiago",
        "nom_comuna": "Conchalí",
        "ir_google": "https://www.google.cl/maps/dir//-33.37832,-70.69237",
        "simbologia": "Atención Primaria de Salud (APS)"
      },
      "geometry": {
        "type": "Point",
        "coordinates": [
          -70.69237,
          -33.37832
        ]
      }
    },
    {
      "type": "Feature",
      "properties": {
        "id_orig": 3077.0,
        "cod_ant": "09-317",
        "cod_vig": 109317.0,
        "cod_m_ant": null,
        "cod_m_nuev": null,
        "cod_reg": "13",
        "nom_reg": "Metropolitana de Santiago",
        "cod_dep": "9",
        "dependenc": "Servicio de Salud Metropolitano Norte",
        "pertenenci": "Perteneciente al Sistema Nacional de Servicios de Salud",
        "tipo": "Centro de Salud Familiar (CESFAM)",
        "ambito": "Establecimiento de Salud",
        "nombre": "Centro de Salud Familiar El Barrero",
        "certifi": "Centro de Salud Familiar",
        "dep_adm": "Municipal",
        "nivel": "Primer Nivel",
        "cod_com": "13107",
        "nom_com": "Huechuraba",
        "via": "Calle",
        "numero": "305",
        "direccion": "Las Petunias",
        "fono": "800500156",
        "f_inicio": null,
        "urgencia": "NO",
        "tipo_urge": "No Aplica",
        "clas_sapu": "No Aplica",
        "latitud": -33.37591,
        "longitud": -70.62466,
        "prestador": "Público",
        "estado": "Vigente en Operación Habitual",
        "complejida": "Baja Complejidad",
        "tipo_aten": "Atención Abierta-Ambulatoria",
        "cut_comuna": "13107",
        "cut_region": "13",
        "cut_provin": "131",
        "nom_region": "Metropolitana de Santiago",
        "nom_provin": "Santiago",
        "nom_comuna": "Huechuraba",
        "ir_google": "https://www.google.cl/maps/dir//-33.37591,-70.62466",
        "simbologia": "Atención Primaria de Salud (APS)"
      },
      "geometry": {
        "type": "Point",
        "coordinates": [
          -70.62466,
          -33.37591
        ]
      }
    },
    {
      "type": "Feature",
      "properties": {
        "id_orig": 3079.0,
        "cod_ant": "09-305",
        "cod_vig": 109305.0,
        "cod_m_ant": null,
        "cod_m_nuev": null,
        "cod_reg": "13",
        "nom_reg": "Metropolitana de Santiago",
        "cod_dep": "9",
        "dependenc": "Servicio de Salud Metropolitano Norte",
        "pertenenci": "Perteneciente al Sistema Nacional de Servicios de Salud",
        "tipo": "Centro de Salud Familiar (CESFAM)",
        "ambito": "Establecimiento de Salud",
        "nombre": "Centro de Salud Familiar La Pincoya",
        "certifi": "Centro de Salud Familiar",
        "dep_adm": "Municipal",
        "nivel": "Primer Nivel",
        "cod_com": "13107",
        "nom_com": "Huechuraba",
        "via": "Avenida",
        "numero": "5580",
        "direccion": "Recoleta",
        "fono": "800500157",
        "f_inicio": null,
        "urgencia": "NO",
        "tipo_urge": "No Aplica",
        "clas_sapu": "No Aplica",
        "latitud": -33.37339,
        "longitud": -70.63702,
        "prestador": "Público",
        "estado": "Vigente en Operación Habitual",
        "complejida": "Baja Complejidad",
        "tipo_aten": "Atención Abierta-Ambulatoria",
        "cut_comuna": "13107",
        "cut_region": "13",
        "cut_provin": "131",
        "nom_region": "Metropolitana de Santiago",
        "nom_provin": "Santiago",
        "nom_comuna": "Huechuraba",
        "ir_google": "https://www.google.cl/maps/dir//-33.37339,-70.63702",
        "simbologia": "Atención Primaria de Salud (APS)"
      },
      "geometry": {
        "type": "Point",
        "coordinates": [
          -70.63702,
          -33.37339
        ]
      }
    },
    {
      "type": "Feature",
      "properties": {
        "id_orig": 3084.0,
        "cod_ant": "09-314",
        "cod_vig": 109314.0,
        "cod_m_ant": null,
        "cod_m_nuev": null,
        "cod_reg": "13",
        "nom_reg": "Metropolitana de Santiago",
        "cod_dep": "9",
        "dependenc": "Servicio de Salud Metropolitano Norte",
        "pertenenci": "Perteneciente al Sistema Nacional de Servicios de Salud",
        "tipo": "Centro de Salud Familiar (CESFAM)",
        "ambito": "Establecimiento de Salud",
        "nombre": "Centro de Salud Familiar Juanita Aguirre",
        "certifi": "Centro de Salud Familiar",
        "dep_adm": "Municipal",
        "nivel": "Primer Nivel",
        "cod_com": "13104",
        "nom_com": "Conchalí",
        "via": "Calle",
        "numero": "1835",
        "direccion": "Altona",
        "fono": "225750350",
        "f_inicio": null,
        "urgencia": "NO",
        "tipo_urge": "No Aplica",
        "clas_sapu": "No Aplica",
        "latitud": -33.37039,
        "longitud": -70.68301,
        "prestador": "Público",
        "estado": "Vigente en Operación Habitual",
        "complejida": "Baja Complejidad",
        "tipo_aten": "Atención Abierta-Ambulatoria",
        "cut_comuna": "13104",
        "cut_region": "13",
        "cut_provin": "131",
        "nom_region": "Metropolitana de Santiago",
        "nom_provin": "Santiago",
        "nom_comuna": "Conchalí",
        "ir_google": "https://www.google.cl/maps/dir//-33.37039,-70.68301",
        "simbologia": "Atención Primaria de Salud (APS)"
      },
      "geometry": {
        "type": "Point",
        "coordinates": [
          -70.68301,
          -33.37039
        ]
      }
    },
    {
      "type": "Feature",
      "properties": {
        "id_orig": 3086.0,
        "cod_ant": null,
        "cod_vig": 201091.0,
        "cod_m_ant": null,
        "cod_m_nuev": null,
        "cod_reg": "13",
        "nom_reg": "Metropolitana de Santiago",
        "cod_dep": "9",
        "dependenc": "Servicio de Salud Metropolitano Norte",
        "pertenenci": "Perteneciente al Sistema Nacional de Servicios de Salud",
        "tipo": "Centro de Salud Familiar (CESFAM)",
        "ambito": "Establecimiento de Salud",
        "nombre": "Centro de Salud Familiar Marta Ugarte Román",
        "certifi": "Centro de Salud Familiar",
        "dep_adm": "Municipal",
        "nivel": "Primer Nivel",
        "cod_com": "13125",
        "nom_com": "Quilicura",
        "via": "Calle",
        "numero": "460",
        "direccion": "Bernardo O'higgins",
        "fono": "233286502",
        "f_inicio": "44392",
        "urgencia": "NO",
        "tipo_urge": "No Aplica",
        "clas_sapu": "No Aplica",
        "latitud": -33.36941,
        "longitud": -70.73201,
        "prestador": "Público",
        "estado": "Vigente en Operación Habitual",
        "complejida": "Baja Complejidad",
        "tipo_aten": "Atención Abierta-Ambulatoria",
        "cut_comuna": "13125",
        "cut_region": "13",
        "cut_provin": "131",
        "nom_region": "Metropolitana de Santiago",
        "nom_provin": "Santiago",
        "nom_comuna": "Quilicura",
        "ir_google": "https://www.google.cl/maps/dir//-33.36941,-70.73201",
        "simbologia": "Atención Primaria de Salud (APS)"
      },
      "geometry": {
        "type": "Point",
        "coordinates": [
          -70.73201,
          -33.36941
        ]
      }
    },
    {
      "type": "Feature",
      "properties": {
        "id_orig": 3091.0,
        "cod_ant": "09-313",
        "cod_vig": 109313.0,
        "cod_m_ant": null,
        "cod_m_nuev": null,
        "cod_reg": "13",
        "nom_reg": "Metropolitana de Santiago",
        "cod_dep": "9",
        "dependenc": "Servicio de Salud Metropolitano Norte",
        "pertenenci": "Perteneciente al Sistema Nacional de Servicios de Salud",
        "tipo": "Centro de Salud Familiar (CESFAM)",
        "ambito": "Establecimiento de Salud",
        "nombre": "Centro de Salud Familiar Irene Frei de Cid",
        "certifi": "Centro de Salud Familiar",
        "dep_adm": "Municipal",
        "nivel": "Primer Nivel",
        "cod_com": "13125",
        "nom_com": "Quilicura",
        "via": "Calle",
        "numero": "525",
        "direccion": "San Luis",
        "fono": "226272445",
        "f_inicio": null,
        "urgencia": "NO",
        "tipo_urge": "No Aplica",
        "clas_sapu": "No Aplica",
        "latitud": -33.36584,
        "longitud": -70.74663,
        "prestador": "Público",
        "estado": "Vigente en Operación Habitual",
        "complejida": "Baja Complejidad",
        "tipo_aten": "Atención Abierta-Ambulatoria",
        "cut_comuna": "13125",
        "cut_region": "13",
        "cut_provin": "131",
        "nom_region": "Metropolitana de Santiago",
        "nom_provin": "Santiago",
        "nom_comuna": "Quilicura",
        "ir_google": "https://www.google.cl/maps/dir//-33.36584,-70.74663",
        "simbologia": "Atención Primaria de Salud (APS)"
      },
      "geometry": {
        "type": "Point",
        "coordinates": [
          -70.74663,
          -33.36584
        ]
      }
    },
    {
      "type": "Feature",
      "properties": {
        "id_orig": 3101.0,
        "cod_ant": "09-323",
        "cod_vig": 109323.0,
        "cod_m_ant": null,
        "cod_m_nuev": null,
        "cod_reg": "13",
        "nom_reg": "Metropolitana de Santiago",
        "cod_dep": "9",
        "dependenc": "Servicio de Salud Metropolitano Norte",
        "pertenenci": "Perteneciente al Sistema Nacional de Servicios de Salud",
        "tipo": "Centro de Salud Familiar (CESFAM)",
        "ambito": "Establecimiento de Salud",
        "nombre": "Centro de Salud Familiar Dr. Salvador Allende Gossens",
        "certifi": "Centro de Salud Familiar",
        "dep_adm": "Municipal",
        "nivel": "Primer Nivel",
        "cod_com": "13107",
        "nom_com": "Huechuraba",
        "via": "Avenida",
        "numero": "6061",
        "direccion": "Recoleta",
        "fono": "227198200",
        "f_inicio": null,
        "urgencia": "NO",
        "tipo_urge": "No Aplica",
        "clas_sapu": "No Aplica",
        "latitud": -33.36342,
        "longitud": -70.63279,
        "prestador": "Público",
        "estado": "Vigente en Operación Habitual",
        "complejida": "Baja Complejidad",
        "tipo_aten": "Atención Abierta-Ambulatoria",
        "cut_comuna": "13107",
        "cut_region": "13",
        "cut_provin": "131",
        "nom_region": "Metropolitana de Santiago",
        "nom_provin": "Santiago",
        "nom_comuna": "Huechuraba",
        "ir_google": "https://www.google.cl/maps/dir//-33.36342,-70.63279",
        "simbologia": "Atención Primaria de Salud (APS)"
      },
      "geometry": {
        "type": "Point",
        "coordinates": [
          -70.63279,
          -33.36342
        ]
      }
    },
    {
      "type": "Feature",
      "properties": {
        "id_orig": 3110.0,
        "cod_ant": "09-324",
        "cod_vig": 109324.0,
        "cod_m_ant": null,
        "cod_m_nuev": null,
        "cod_reg": "13",
        "nom_reg": "Metropolitana de Santiago",
        "cod_dep": "9",
        "dependenc": "Servicio de Salud Metropolitano Norte",
        "pertenenci": "Perteneciente al Sistema Nacional de Servicios de Salud",
        "tipo": "Centro de Salud Familiar (CESFAM)",
        "ambito": "Establecimiento de Salud",
        "nombre": "Centro de Salud Familiar Presidente Salvador Allende Gossens",
        "certifi": "Centro de Salud Familiar",
        "dep_adm": "Municipal",
        "nivel": "Primer Nivel",
        "cod_com": "13125",
        "nom_com": "Quilicura",
        "via": "Calle",
        "numero": "290",
        "direccion": "Santa Luisa",
        "fono": "226072180",
        "f_inicio": null,
        "urgencia": "NO",
        "tipo_urge": "No Aplica",
        "clas_sapu": "No Aplica",
        "latitud": -33.3545,
        "longitud": -70.73798,
        "prestador": "Público",
        "estado": "Vigente en Operación Habitual",
        "complejida": "Baja Complejidad",
        "tipo_aten": "Atención Abierta-Ambulatoria",
        "cut_comuna": "13125",
        "cut_region": "13",
        "cut_provin": "131",
        "nom_region": "Metropolitana de Santiago",
        "nom_provin": "Santiago",
        "nom_comuna": "Quilicura",
        "ir_google": "https://www.google.cl/maps/dir//-33.3545,-70.73798",
        "simbologia": "Atención Primaria de Salud (APS)"
      },
      "geometry": {
        "type": "Point",
        "coordinates": [
          -70.73798,
          -33.3545
        ]
      }
    },
    {
      "type": "Feature",
      "properties": {
        "id_orig": 3112.0,
        "cod_ant": "09-315",
        "cod_vig": 109315.0,
        "cod_m_ant": null,
        "cod_m_nuev": null,
        "cod_reg": "13",
        "nom_reg": "Metropolitana de Santiago",
        "cod_dep": "9",
        "dependenc": "Servicio de Salud Metropolitano Norte",
        "pertenenci": "Perteneciente al Sistema Nacional de Servicios de Salud",
        "tipo": "Centro de Salud Familiar (CESFAM)",
        "ambito": "Establecimiento de Salud",
        "nombre": "Centro de Salud Familiar Manuel Bustos Huerta",
        "certifi": "Centro de Salud Familiar",
        "dep_adm": "Municipal",
        "nivel": "Primer Nivel",
        "cod_com": "13125",
        "nom_com": "Quilicura",
        "via": "Avenida",
        "numero": "486",
        "direccion": "Lo Cruzat",
        "fono": "226271398",
        "f_inicio": null,
        "urgencia": "NO",
        "tipo_urge": "No Aplica",
        "clas_sapu": "No Aplica",
        "latitud": -33.35423,
        "longitud": -70.7204,
        "prestador": "Público",
        "estado": "Vigente en Operación Habitual",
        "complejida": "Baja Complejidad",
        "tipo_aten": "Atención Abierta-Ambulatoria",
        "cut_comuna": "13125",
        "cut_region": "13",
        "cut_provin": "131",
        "nom_region": "Metropolitana de Santiago",
        "nom_provin": "Santiago",
        "nom_comuna": "Quilicura",
        "ir_google": "https://www.google.cl/maps/dir//-33.35423,-70.7204",
        "simbologia": "Atención Primaria de Salud (APS)"
      },
      "geometry": {
        "type": "Point",
        "coordinates": [
          -70.7204,
          -33.35423
        ]
      }
    },
    {
      "type": "Feature",
      "properties": {
        "id_orig": 3113.0,
        "cod_ant": "09-915",
        "cod_vig": 200961.0,
        "cod_m_ant": null,
        "cod_m_nuev": null,
        "cod_reg": "13",
        "nom_reg": "Metropolitana de Santiago",
        "cod_dep": "9",
        "dependenc": "Servicio de Salud Metropolitano Norte",
        "pertenenci": "Perteneciente al Sistema Nacional de Servicios de Salud",
        "tipo": "Centro de Salud Familiar (CESFAM)",
        "ambito": "Establecimiento de Salud",
        "nombre": "Centro de Salud Familiar Dr. Victor Castro Wiren",
        "certifi": "Centro de Salud Familiar",
        "dep_adm": "Municipal",
        "nivel": "Primer Nivel",
        "cod_com": "13107",
        "nom_com": "Huechuraba",
        "via": "Avenida",
        "numero": "1597",
        "direccion": "El Guanaco Norte",
        "fono": null,
        "f_inicio": "44155",
        "urgencia": "NO",
        "tipo_urge": "No Aplica",
        "clas_sapu": "No Aplica",
        "latitud": -33.35261,
        "longitud": -70.67705,
        "prestador": "Público",
        "estado": "Vigente en Operación Habitual",
        "complejida": "Baja Complejidad",
        "tipo_aten": "Atención Abierta-Ambulatoria",
        "cut_comuna": "13107",
        "cut_region": "13",
        "cut_provin": "131",
        "nom_region": "Metropolitana de Santiago",
        "nom_provin": "Santiago",
        "nom_comuna": "Huechuraba",
        "ir_google": "https://www.google.cl/maps/dir//-33.35261,-70.67705",
        "simbologia": "Atención Primaria de Salud (APS)"
      },
      "geometry": {
        "type": "Point",
        "coordinates": [
          -70.67705,
          -33.35261
        ]
      }
    },
    {
      "type": "Feature",
      "properties": {
        "id_orig": 3117.0,
        "cod_ant": "12-307",
        "cod_vig": 112307.0,
        "cod_m_ant": null,
        "cod_m_nuev": null,
        "cod_reg": "13",
        "nom_reg": "Metropolitana de Santiago",
        "cod_dep": "12",
        "dependenc": "Servicio de Salud Metropolitano Oriente",
        "pertenenci": "Perteneciente al Sistema Nacional de Servicios de Salud",
        "tipo": "Centro de Salud Familiar (CESFAM)",
        "ambito": "Establecimiento de Salud",
        "nombre": "Centro de Salud Familiar Lo Barnechea",
        "certifi": "Centro de Salud Familiar",
        "dep_adm": "Municipal",
        "nivel": "Primer Nivel",
        "cod_com": "13115",
        "nom_com": "Lo Barnechea",
        "via": "Avenida",
        "numero": "13533",
        "direccion": "El Rodeo",
        "fono": "227573442",
        "f_inicio": null,
        "urgencia": "NO",
        "tipo_urge": "No Aplica",
        "clas_sapu": "No Aplica",
        "latitud": -33.35185,
        "longitud": -70.50999,
        "prestador": "Público",
        "estado": "Vigente en Operación Habitual",
        "complejida": "Baja Complejidad",
        "tipo_aten": "Atención Abierta-Ambulatoria",
        "cut_comuna": "13115",
        "cut_region": "13",
        "cut_provin": "131",
        "nom_region": "Metropolitana de Santiago",
        "nom_provin": "Santiago",
        "nom_comuna": "Lo Barnechea",
        "ir_google": "https://www.google.cl/maps/dir//-33.35185,-70.50999",
        "simbologia": "Atención Primaria de Salud (APS)"
      },
      "geometry": {
        "type": "Point",
        "coordinates": [
          -70.50999,
          -33.35185
        ]
      }
    },
    {
      "type": "Feature",
      "properties": {
        "id_orig": 3132.0,
        "cod_ant": "09-311",
        "cod_vig": 109311.0,
        "cod_m_ant": null,
        "cod_m_nuev": null,
        "cod_reg": "13",
        "nom_reg": "Metropolitana de Santiago",
        "cod_dep": "9",
        "dependenc": "Servicio de Salud Metropolitano Norte",
        "pertenenci": "Perteneciente al Sistema Nacional de Servicios de Salud",
        "tipo": "Centro de Salud Familiar (CESFAM)",
        "ambito": "Establecimiento de Salud",
        "nombre": "Centro de Salud Familiar José Bauza Frau",
        "certifi": "Centro de Salud Familiar",
        "dep_adm": "Municipal",
        "nivel": "Primer Nivel",
        "cod_com": "13302",
        "nom_com": "Lampa",
        "via": "Calle",
        "numero": "1239",
        "direccion": "Barros Luco",
        "fono": "228421039",
        "f_inicio": "37987",
        "urgencia": "NO",
        "tipo_urge": "No Aplica",
        "clas_sapu": "No Aplica",
        "latitud": -33.277449,
        "longitud": -70.875532,
        "prestador": "Público",
        "estado": "Vigente en Operación Habitual",
        "complejida": "Baja Complejidad",
        "tipo_aten": "Atención Abierta-Ambulatoria",
        "cut_comuna": "13302",
        "cut_region": "13",
        "cut_provin": "133",
        "nom_region": "Metropolitana de Santiago",
        "nom_provin": "Chacabuco",
        "nom_comuna": "Lampa",
        "ir_google": "https://www.google.cl/maps/dir//-33.277449,-70.875532",
        "simbologia": "Atención Primaria de Salud (APS)"
      },
      "geometry": {
        "type": "Point",
        "coordinates": [
          -70.875532,
          -33.277449
        ]
      }
    },
    {
      "type": "Feature",
      "properties": {
        "id_orig": 3138.0,
        "cod_ant": "09-312",
        "cod_vig": 109312.0,
        "cod_m_ant": null,
        "cod_m_nuev": null,
        "cod_reg": "13",
        "nom_reg": "Metropolitana de Santiago",
        "cod_dep": "9",
        "dependenc": "Servicio de Salud Metropolitano Norte",
        "pertenenci": "Perteneciente al Sistema Nacional de Servicios de Salud",
        "tipo": "Centro de Salud Familiar (CESFAM)",
        "ambito": "Establecimiento de Salud",
        "nombre": "Centro de Salud Familiar Batuco",
        "certifi": "Centro de Salud Familiar",
        "dep_adm": "Municipal",
        "nivel": "Primer Nivel",
        "cod_com": "13302",
        "nom_com": "Lampa",
        "via": "Calle",
        "numero": "180",
        "direccion": "Santa Elena",
        "fono": "225751581",
        "f_inicio": null,
        "urgencia": "NO",
        "tipo_urge": "No Aplica",
        "clas_sapu": "No Aplica",
        "latitud": -33.24185,
        "longitud": -70.81415,
        "prestador": "Público",
        "estado": "Vigente en Operación Habitual",
        "complejida": "Baja Complejidad",
        "tipo_aten": "Atención Abierta-Ambulatoria",
        "cut_comuna": "13302",
        "cut_region": "13",
        "cut_provin": "133",
        "nom_region": "Metropolitana de Santiago",
        "nom_provin": "Chacabuco",
        "nom_comuna": "Lampa",
        "ir_google": "https://www.google.cl/maps/dir//-33.24185,-70.81415",
        "simbologia": "Atención Primaria de Salud (APS)"
      },
      "geometry": {
        "type": "Point",
        "coordinates": [
          -70.81415,
          -33.24185
        ]
      }
    },
    {
      "type": "Feature",
      "properties": {
        "id_orig": 3143.0,
        "cod_ant": "09-310",
        "cod_vig": 109310.0,
        "cod_m_ant": null,
        "cod_m_nuev": null,
        "cod_reg": "13",
        "nom_reg": "Metropolitana de Santiago",
        "cod_dep": "9",
        "dependenc": "Servicio de Salud Metropolitano Norte",
        "pertenenci": "Perteneciente al Sistema Nacional de Servicios de Salud",
        "tipo": "Centro de Salud Familiar (CESFAM)",
        "ambito": "Establecimiento de Salud",
        "nombre": "Centro de Salud Familiar Colina",
        "certifi": "Centro de Salud Familiar",
        "dep_adm": "Municipal",
        "nivel": "Primer Nivel",
        "cod_com": "13301",
        "nom_com": "Colina",
        "via": "Calle",
        "numero": "540",
        "direccion": "Alpatacal",
        "fono": "800500151",
        "f_inicio": null,
        "urgencia": "NO",
        "tipo_urge": "No Aplica",
        "clas_sapu": "No Aplica",
        "latitud": -33.20598,
        "longitud": -70.67055,
        "prestador": "Público",
        "estado": "Vigente en Operación Habitual",
        "complejida": "Baja Complejidad",
        "tipo_aten": "Atención Abierta-Ambulatoria",
        "cut_comuna": "13301",
        "cut_region": "13",
        "cut_provin": "133",
        "nom_region": "Metropolitana de Santiago",
        "nom_provin": "Chacabuco",
        "nom_comuna": "Colina",
        "ir_google": "https://www.google.cl/maps/dir//-33.20598,-70.67055",
        "simbologia": "Atención Primaria de Salud (APS)"
      },
      "geometry": {
        "type": "Point",
        "coordinates": [
          -70.67055,
          -33.20598
        ]
      }
    },
    {
      "type": "Feature",
      "properties": {
        "id_orig": 3146.0,
        "cod_ant": "09-316",
        "cod_vig": 109316.0,
        "cod_m_ant": null,
        "cod_m_nuev": null,
        "cod_reg": "13",
        "nom_reg": "Metropolitana de Santiago",
        "cod_dep": "9",
        "dependenc": "Servicio de Salud Metropolitano Norte",
        "pertenenci": "Perteneciente al Sistema Nacional de Servicios de Salud",
        "tipo": "Centro de Salud Familiar (CESFAM)",
        "ambito": "Establecimiento de Salud",
        "nombre": "Centro de Salud Familiar Esmeralda",
        "certifi": "Centro de Salud Familiar",
        "dep_adm": "Municipal",
        "nivel": "Primer Nivel",
        "cod_com": "13301",
        "nom_com": "Colina",
        "via": "Calle",
        "numero": null,
        "direccion": "Carretera General San Martín, Km. 31",
        "fono": "225751450",
        "f_inicio": null,
        "urgencia": "NO",
        "tipo_urge": "No Aplica",
        "clas_sapu": "No Aplica",
        "latitud": -33.18413,
        "longitud": -70.65366,
        "prestador": "Público",
        "estado": "Vigente en Operación Habitual",
        "complejida": "Baja Complejidad",
        "tipo_aten": "Atención Abierta-Ambulatoria",
        "cut_comuna": "13301",
        "cut_region": "13",
        "cut_provin": "133",
        "nom_region": "Metropolitana de Santiago",
        "nom_provin": "Chacabuco",
        "nom_comuna": "Colina",
        "ir_google": "https://www.google.cl/maps/dir//-33.18413,-70.65366",
        "simbologia": "Atención Primaria de Salud (APS)"
      },
      "geometry": {
        "type": "Point",
        "coordinates": [
          -70.65366,
          -33.18413
        ]
      }
    },
    {
      "type": "Feature",
      "properties": {
        "id_orig": 3152.0,
        "cod_ant": "09-320",
        "cod_vig": 109320.0,
        "cod_m_ant": null,
        "cod_m_nuev": null,
        "cod_reg": "13",
        "nom_reg": "Metropolitana de Santiago",
        "cod_dep": "9",
        "dependenc": "Servicio de Salud Metropolitano Norte",
        "pertenenci": "Perteneciente al Sistema Nacional de Servicios de Salud",
        "tipo": "Centro de Salud Familiar (CESFAM)",
        "ambito": "Establecimiento de Salud",
        "nombre": "Centro de Salud Familiar Huertos Familiares",
        "certifi": "Centro de Salud Familiar",
        "dep_adm": "Municipal",
        "nivel": "Primer Nivel",
        "cod_com": "13303",
        "nom_com": "Tiltil",
        "via": "Calle",
        "numero": "221",
        "direccion": "3 Oriente",
        "fono": "225751450",
        "f_inicio": null,
        "urgencia": "NO",
        "tipo_urge": "No Aplica",
        "clas_sapu": "No Aplica",
        "latitud": -33.13582,
        "longitud": -70.79946,
        "prestador": "Público",
        "estado": "Vigente en Operación Habitual",
        "complejida": "Baja Complejidad",
        "tipo_aten": "Atención Abierta-Ambulatoria",
        "cut_comuna": "13303",
        "cut_region": "13",
        "cut_provin": "133",
        "nom_region": "Metropolitana de Santiago",
        "nom_provin": "Chacabuco",
        "nom_comuna": "Tiltil",
        "ir_google": "https://www.google.cl/maps/dir//-33.13582,-70.79946",
        "simbologia": "Atención Primaria de Salud (APS)"
      },
      "geometry": {
        "type": "Point",
        "coordinates": [
          -70.79946,
          -33.13582
        ]
      }
    },
    {
      "type": "Feature",
      "properties": {
        "id_orig": 4084.0,
        "cod_ant": "11-376",
        "cod_vig": 111376.0,
        "cod_m_ant": null,
        "cod_m_nuev": null,
        "cod_reg": "13",
        "nom_reg": "Metropolitana de Santiago",
        "cod_dep": "11",
        "dependenc": "Servicio de Salud Metropolitano Central",
        "pertenenci": "Perteneciente al Sistema Nacional de Servicios de Salud",
        "tipo": "Centro de Salud Familiar (CESFAM)",
        "ambito": "Establecimiento de Salud",
        "nombre": "Centro de Salud Familiar Matta Sur",
        "certifi": "Centro de Salud Familiar",
        "dep_adm": "Municipal",
        "nivel": "Primer Nivel",
        "cod_com": "13101",
        "nom_com": "Santiago",
        "via": "Calle",
        "numero": "945",
        "direccion": "Ñuble",
        "fono": "224985386",
        "f_inicio": null,
        "urgencia": "NO",
        "tipo_urge": "No Aplica",
        "clas_sapu": "No Aplica",
        "latitud": -33.469381,
        "longitud": -70.646077,
        "prestador": "Público",
        "estado": "Vigente en Operación Habitual",
        "complejida": "Baja Complejidad",
        "tipo_aten": "Atención Abierta-Ambulatoria",
        "cut_comuna": "13101",
        "cut_region": "13",
        "cut_provin": "131",
        "nom_region": "Metropolitana de Santiago",
        "nom_provin": "Santiago",
        "nom_comuna": "Santiago",
        "ir_google": "https://www.google.cl/maps/dir//-33.469381,-70.646077",
        "simbologia": "Atención Primaria de Salud (APS)"
      },
      "geometry": {
        "type": "Point",
        "coordinates": [
          -70.646077,
          -33.469381
        ]
      }
    },
    {
      "type": "Feature",
      "properties": {
        "id_orig": 4095.0,
        "cod_ant": null,
        "cod_vig": 201112.0,
        "cod_m_ant": null,
        "cod_m_nuev": null,
        "cod_reg": "13",
        "nom_reg": "Metropolitana de Santiago",
        "cod_dep": "12",
        "dependenc": "Servicio de Salud Metropolitano Oriente",
        "pertenenci": "Perteneciente al Sistema Nacional de Servicios de Salud",
        "tipo": "Centro de Salud Familiar (CESFAM)",
        "ambito": "Establecimiento de Salud",
        "nombre": "Centro de Salud Familiar Las Torres",
        "certifi": "Centro de Salud Familiar",
        "dep_adm": "Municipal",
        "nivel": "Primer Nivel",
        "cod_com": "13122",
        "nom_com": "Peñalolén",
        "via": "Avenida",
        "numero": "5511",
        "direccion": "Principal",
        "fono": "229397315",
        "f_inicio": "44473",
        "urgencia": "NO",
        "tipo_urge": "No Aplica",
        "clas_sapu": "No Aplica",
        "latitud": -33.50403,
        "longitud": -70.5783,
        "prestador": "Público",
        "estado": "Vigente en Operación Habitual",
        "complejida": "Baja Complejidad",
        "tipo_aten": "Atención Abierta-Ambulatoria",
        "cut_comuna": "13122",
        "cut_region": "13",
        "cut_provin": "131",
        "nom_region": "Metropolitana de Santiago",
        "nom_provin": "Santiago",
        "nom_comuna": "Peñalolén",
        "ir_google": "https://www.google.cl/maps/dir//-33.50403,-70.5783",
        "simbologia": "Atención Primaria de Salud (APS)"
      },
      "geometry": {
        "type": "Point",
        "coordinates": [
          -70.5783,
          -33.50403
        ]
      }
    },
    {
      "type": "Feature",
      "properties": {
        "id_orig": 4188.0,
        "cod_ant": null,
        "cod_vig": 201212.0,
        "cod_m_ant": null,
        "cod_m_nuev": null,
        "cod_reg": "13",
        "nom_reg": "Metropolitana de Santiago",
        "cod_dep": "9",
        "dependenc": "Servicio de Salud Metropolitano Norte",
        "pertenenci": "Perteneciente al Sistema Nacional de Servicios de Salud",
        "tipo": "Centro de Salud Familiar (CESFAM)",
        "ambito": "Establecimiento de Salud",
        "nombre": "Centro de Salud Familiar Juan Pablo II de Lampa",
        "certifi": "Centro de Salud Familiar",
        "dep_adm": "Municipal",
        "nivel": "Primer Nivel",
        "cod_com": "13302",
        "nom_com": "Lampa",
        "via": "Calle",
        "numero": "2049",
        "direccion": "Cacique Colin",
        "fono": "232787076",
        "f_inicio": "44707",
        "urgencia": "NO",
        "tipo_urge": "No Aplica",
        "clas_sapu": "No Aplica",
        "latitud": -33.28311,
        "longitud": -70.75783,
        "prestador": "Público",
        "estado": "Vigente en Operación Habitual",
        "complejida": "Baja Complejidad",
        "tipo_aten": "Atención Abierta-Ambulatoria",
        "cut_comuna": "13302",
        "cut_region": "13",
        "cut_provin": "133",
        "nom_region": "Metropolitana de Santiago",
        "nom_provin": "Chacabuco",
        "nom_comuna": "Lampa",
        "ir_google": "https://www.google.cl/maps/dir//-33.28311,-70.75783",
        "simbologia": "Atención Primaria de Salud (APS)"
      },
      "geometry": {
        "type": "Point",
        "coordinates": [
          -70.75783,
          -33.28311
        ]
      }
    },
    {
      "type": "Feature",
      "properties": {
        "id_orig": 4409.0,
        "cod_ant": null,
        "cod_vig": 201462.0,
        "cod_m_ant": null,
        "cod_m_nuev": null,
        "cod_reg": "13",
        "nom_reg": "Metropolitana de Santiago",
        "cod_dep": "9",
        "dependenc": "Servicio de Salud Metropolitano Norte",
        "pertenenci": "Perteneciente al Sistema Nacional de Servicios de Salud",
        "tipo": "Centro de Salud Familiar (CESFAM)",
        "ambito": "Establecimiento de Salud",
        "nombre": "CESFAM La Reina de Colina",
        "certifi": "Centro de Salud Familiar",
        "dep_adm": "Municipal",
        "nivel": "Primer Nivel",
        "cod_com": "13301",
        "nom_com": "Colina",
        "via": "Calle",
        "numero": "710",
        "direccion": "Fray Camilo Henriquez",
        "fono": "224830112",
        "f_inicio": "45313",
        "urgencia": "NO",
        "tipo_urge": "No Aplica",
        "clas_sapu": "No Aplica",
        "latitud": -33.189035,
        "longitud": -70.674966,
        "prestador": "Público",
        "estado": "Vigente en Operación Habitual",
        "complejida": "Baja Complejidad",
        "tipo_aten": "Atención Abierta-Ambulatoria",
        "cut_comuna": "13301",
        "cut_region": "13",
        "cut_provin": "133",
        "nom_region": "Metropolitana de Santiago",
        "nom_provin": "Chacabuco",
        "nom_comuna": "Colina",
        "ir_google": "https://www.google.cl/maps/dir//-33.189035,-70.674966",
        "simbologia": "Atención Primaria de Salud (APS)"
      },
      "geometry": {
        "type": "Point",
        "coordinates": [
          -70.674966,
          -33.189035
        ]
      }
    },
    {
      "type": "Feature",
      "properties": {
        "id_orig": 4616.0,
        "cod_ant": null,
        "cod_vig": 201674.0,
        "cod_m_ant": null,
        "cod_m_nuev": null,
        "cod_reg": "13",
        "nom_reg": "Metropolitana de Santiago",
        "cod_dep": "11",
        "dependenc": "Servicio de Salud Metropolitano Central",
        "pertenenci": "Perteneciente al Sistema Nacional de Servicios de Salud",
        "tipo": "Centro de Salud Familiar (CESFAM)",
        "ambito": "Establecimiento de Salud",
        "nombre": "CESFAM El Abrazo Dr. Salvador Allende Gossens",
        "certifi": "Centro de Salud Familiar",
        "dep_adm": "Municipal",
        "nivel": "Primer Nivel",
        "cod_com": "13119",
        "nom_com": "Maipú",
        "via": "Calle",
        "numero": "16975",
        "direccion": "Cristo Redentor  N°16.975",
        "fono": "224028090",
        "f_inicio": "45552",
        "urgencia": "NO",
        "tipo_urge": "No Aplica",
        "clas_sapu": "No Aplica",
        "latitud": -33.553127,
        "longitud": -70.764203,
        "prestador": "Público",
        "estado": "Vigente en Operación Habitual",
        "complejida": "Baja Complejidad",
        "tipo_aten": "Atención Abierta-Ambulatoria",
        "cut_comuna": "13119",
        "cut_region": "13",
        "cut_provin": "131",
        "nom_region": "Metropolitana de Santiago",
        "nom_provin": "Santiago",
        "nom_comuna": "Maipú",
        "ir_google": "https://www.google.cl/maps/dir//-33.553127,-70.764203",
        "simbologia": "Atención Primaria de Salud (APS)"
      },
      "geometry": {
        "type": "Point",
        "coordinates": [
          -70.764203,
          -33.553127
        ]
      }
    },
    {
      "type": "Feature",
      "properties": {
        "id_orig": 5139.0,
        "cod_ant": null,
        "cod_vig": 202205.0,
        "cod_m_ant": null,
        "cod_m_nuev": null,
        "cod_reg": "13",
        "nom_reg": "Metropolitana de Santiago",
        "cod_dep": "10",
        "dependenc": "Servicio de Salud Metropolitano Occidente",
        "pertenenci": "Perteneciente al Sistema Nacional de Servicios de Salud",
        "tipo": "Centro de Salud Familiar (CESFAM)",
        "ambito": "Establecimiento de Salud",
        "nombre": "CESFAM Cerro Colorado",
        "certifi": "Centro de Salud Familiar",
        "dep_adm": "Municipal",
        "nivel": "Primer Nivel",
        "cod_com": "13128",
        "nom_com": "Renca",
        "via": "Calle",
        "numero": "5266",
        "direccion": "José Manuel Balmaceda 5266",
        "fono": null,
        "f_inicio": "45903",
        "urgencia": "No",
        "tipo_urge": "No Aplica",
        "clas_sapu": "No Aplica",
        "latitud": -33.4021664,
        "longitud": -70.7275645,
        "prestador": "Público",
        "estado": "Vigente en operación habitual",
        "complejida": "Baja Complejidad",
        "tipo_aten": "Atención Abierta-Ambulatoria",
        "cut_comuna": "13128",
        "cut_region": "13",
        "cut_provin": "131",
        "nom_region": "Metropolitana de Santiago",
        "nom_provin": "Santiago",
        "nom_comuna": "Renca",
        "ir_google": "https://www.google.cl/maps/dir//-33.4021664,-70.7275645",
        "simbologia": "Atención Primaria de Salud (APS)"
      },
      "geometry": {
        "type": "Point",
        "coordinates": [
          -70.72756449999997,
          -33.40216639999994
        ]
      }
    },
    {
      "type": "Feature",
      "properties": {
        "id_orig": 5164.0,
        "cod_ant": null,
        "cod_vig": 202233.0,
        "cod_m_ant": null,
        "cod_m_nuev": null,
        "cod_reg": "13",
        "nom_reg": "Metropolitana de Santiago",
        "cod_dep": "11",
        "dependenc": "Servicio de Salud Metropolitano Central",
        "pertenenci": "Perteneciente al Sistema Nacional de Servicios de Salud",
        "tipo": "Centro de Salud Familiar (CESFAM)",
        "ambito": "Establecimiento de Salud",
        "nombre": "CESFAM Erasmo Escala",
        "certifi": "Centro de Salud Familiar",
        "dep_adm": "Municipal",
        "nivel": "Primer Nivel",
        "cod_com": "13101",
        "nom_com": "Santiago",
        "via": "Calle",
        "numero": "2767",
        "direccion": "Erasmo Escala",
        "fono": "224985490",
        "f_inicio": "46057",
        "urgencia": "NO",
        "tipo_urge": "No Aplica",
        "clas_sapu": "No Aplica",
        "latitud": -33.4457182,
        "longitud": -70.6732719,
        "prestador": "Público",
        "estado": "Vigente en operación habitual",
        "complejida": "Baja Complejidad",
        "tipo_aten": "Atención Abierta-Ambulatoria",
        "cut_comuna": "13101",
        "cut_region": "13",
        "cut_provin": "131",
        "nom_region": "Metropolitana de Santiago",
        "nom_provin": "Santiago",
        "nom_comuna": "Santiago",
        "ir_google": "https://www.google.cl/maps/dir//-33.4457182,-70.6732719",
        "simbologia": "Atención Primaria de Salud (APS)"
      },
      "geometry": {
        "type": "Point",
        "coordinates": [
          -70.67327189999997,
          -33.44571819999993
        ]
      }
    }
  ]
}